Region,Country,Location,Course,i100,Date,Architect,TypeOfJob,Status,History,DataCurated,Latitude,Longitude,Website,YouTube,Instagram,Comments,YouTubeCaption,Twitter,TwitterCaption,Bob,ArchitectURL,,,,
Africa,Egypt,Al Alamien,Hacienda Bay Golf Course,,2021,Sanford,New,Construction,,2020-11-04,30.9455646,28.7846355,https://www.golfcoursearchitecture.net/content/sanford-golf-design-completes-hacienda-bay-in-egypt,bSsENKIoYiQ,,GPS Approx,Al Alamien,,,,,,,,
Africa,Egypt,Cairo,Madinaty,,2020,RTJ II,New,Open,,2020-12-23,30.0999787,30.5041396,https://www.madinatygolfclub.com/,,madinatygolf,,,,,,,,,,
Africa,Rwanda,Kigali,Kigali Golf,Short,2021,Player,New,Construction,,2020-10-13,-1.9294217,30.0405576,http://www.kigaligolfclub.com,rLgzj2yq2w0,,New 9 holes,Expansion,hallaboutafrica/status/1288453455464607744,New 9,,,,,,
Africa,South Africa,Eswatini,Nkonyeni ,,2020,Matkovich,New,Open,,2020-10-02,-26.678725,31.4008837,https://www.nkonyeni.co.za/,,,Golden Eagle,,,,,,,,,
Asia,Azerbaijan,Baku,<TBA>,,2022,,New,Construction,,2020-12-30,,,,,,,,,,,,,,,
Asia,Cambodia,Phnom Penh,Vattanac-West,,2020,Faldo,New,Open,,2020-12-21,11.4688376,105.0167496,https://www.vattanacgolfresort.com/,,vattanac.golf.resort,,,thegolfbusiness/status/1329470372593459201,Press,,,,,,
Asia,India,Bangalore,Kimmane Resort,,2020,Ryan,New,Open,,2020-12-14,13.9546966,73.2671398,http://kimmane.com/,,,,,dp_satish/status/1333003474338910208,Pic,,,,,,
Asia,India,Himachal Pradesh,Himalayas TBA,Short,2021,Nandrajog,New,Construction,,2020-12-31,,,,,,State Tourism Dept,,,,,,,,,
Asia,India,Hyderabad,Haldi GC,,2021,Ryan Reeves,New,Open,,2021-01-07,17.8799492,78.4432506,https://haldigolfcounty.com/golf-villa-plots-hyderabad/#about,,haldigolfcounty,,,,,,,,,,
Asia,India,Hyderabad,Signature Estates,,2021,,New,Construction,,2020-11-03,17.3151118,78.2400488,,ms7sqBtMFQ0,,Rohit Reddy, Nov 2020,,,,,,,,
Asia,India,Mumbai,Adani Belvedere,,2023,Nandrajog,New,Drawing boards ,,2020-09-21,18.9928259,72.9874693,https://twitter.com/AneraoKailash/status/1306798265141137408/photo/3,,,Navi Mumbai airport,,,,,,,,,
Asia,India,Uttar Pradesh,Godrej Golf Links,Short,2021,Nandrajog,New,Construction,,2020-12-31,28.4703482,,https://www.godrejpropertiesgreaternoida.com/godrej-golf-links,,,,,,,,,,,,
Asia,India,Uttar Pradesh,South Noida GC,,2021,Nandrajog,New,Open,,2020-12-31,28.5641889,77.3398651,,,,,,,,,,,,,
Asia,India,Uttar Pradesh,Bhalswa,,2022,Nandrajog,New,Drawing boards ,,2020-10-17,28.7341854,77.0561869,http://dda.org.in/sports/bhalaswa_golf_course.htm,,,,,,,,,,,,
Asia,Indonesia,Jakarta,MNC Lido City,,2021,Els,New,Construction,,2020-05-02,-6.7511126,106.8160074,https://www.nytimes.com/2019/08/13/world/asia/donald-trump-jr-indonesia.html,,,,,,,,,,,,
Asia,Indonesia,Jakarta,Sedayu,,2021,Nicklaus,New,Construction,,2020-10-17,-6.0354657,106.7009153,https://pik2info.com/golf-island/,,,Cope Ellsworth,,gcamagazine/status/1295629087160111104,Par 3s,,,,,,
Asia,Malaysia,Miri,Eastwood Valley,,2020,Doug Nickels,New,Open,,2020-05-15,4.370578,114.0149953,https://www.eastwoodvalley.com,,,,,,,,,,,,
Asia,Pakistan,Gujrat,Sarai Alamgir,,2022,,New,Construction,,2020-08-25,32.8633398,73.2531455,http://golfresidencia.com/,_o1Jq779JWE,,,,,,,,,,,
Asia,Pakistan,Islamabad,Eighteen,,2021,Hunt,New,Construction,,2020-10-08,33.5998727,72.8864082,https://www.golfcoursearchitecture.net/content/idg-breaks-ground-on-eighteen-islamabad-course,1CC2qopYaqM,,IDG,#eighteenislamabad,,,,,,,,
Asia,Pakistan,Karachi,Bahria Greens,,2022,,New,Construction,,2020-11-04,25.1517503,67.3530722,https://bahriatown.com/bahria-greens-karachi/,3_foUU8kguo,,36 holes, Nov 2020,,,,,,,,
Asia,Pakistan,Multan,Rumanza,,2021,Faldo Haggar,New,Construction,,2020-11-23,30.2889385,71.5076921,https://www.google.com/search?q=Rumanza+Golf+Multan,A4tNP0v0nk4,rumanzagolf,, Nov 2020,sustainablegolf/status/1255576342768300039,GEO,,,,,,
Asia,Philippines,Bataan,Tandatangan ,,2020,Cope,New,Construction,,2020-09-22,14.4507054,120.4650528,https://www.camayacoastrealestate.com/tandatangan-golf-residences,fRbUOqYZvjM,,brianbeltran@camayacoast.org,Aug 2020,margierom29/status/1241147124185628672,Mar 2020,,,,,,
Asia,Philippines,Davao,Dakak,,2021,Norman Cope,New,Open,,2020-10-03,8.6962723,114.4276558,http://www.dakakgolfclub.ph/the-course/,,,,,,,,,,,,
Asia,Philippines,New Clark City ,Hann Lux,,2021,Nicklaus,New,Drawing boards ,,2020-11-14,15.3151796,120.1885017,,,,Dae Sik Han,,,,,,,,,
Asia,Russia,Vladivostok,Vladivostok GC,,2023,Rasinkangas Fream,New,Drawing boards ,,2020-05-02,43.1237391,131.8692269,https://vlgolf.ru/en/,,golf.vl,,,,,,,,,,
Asia,Saudi Arabia,Saudi Arabia,David Kidd TBA,,2023,Kidd,New,Drawing boards ,,2020-12-03,,,,,,,,,,,,,,,
Asia,Saudi Arabia,Saudi Arabia,Neom,,2024,,New,Drawing boards ,,2020-12-03,,,https://www.neom.com/en-us/sector/sports/,,,,,,,,,,,,
Asia,Saudi Arabia,Saudi Arabia,Qiddiya,,2024,,New,Drawing boards ,,2020-12-03,24.6261407,46.303881,https://qiddiya.com/en/about-qiddiya/master-plan/golf-community/,,,,,,,,,,,,
Asia,Saudi Arabia,Saudi Arabia,Red Sea,,2024,,New,Drawing boards ,,2020-12-03,,,https://www.theredsea.sa/en/project/master-plan,,,,,,,,,,,,
Asia,Saudi Arabia,Wadi Safar,Greg Norman GC,,2022,Norman,New,Drawing boards ,,2020-11-24,24.7490821,46.4698039,https://www.saudigazette.com.sa/article/600194,,,,,,,,,,,,
Asia,South Korea,Haenam,Solaseado,,2021,Dale Ramsey,New,Construction,,2020-06-30,34.5560235,126.5887551,,,,,,,,,,,,,
Asia,South Korea,Yongin,Sehyeon CC,,2020,Dale Ramsey,New,Open,,2020-06-30,37.2147635,127.2180094,,,,,,,,,,,,,
Asia,Thailand,Bangkok,Ruayrungruang,,2025,Woods,New,Drawing boards ,,2020-11-14,,,,,,,,,,Yes,,,,,
Asia,Thailand,Nakhon Nayok,Atitaya Arirang,,2020,,New,Open,,2020-12-12,14.171112,100.921297,https://www.artitaya.com/,,,New 9,,,,,,,,,
Asia,Thailand,Phang Nga,Aquella,,2021,Pacific Coast Design Ryan,New,Construction,Dye,2020-09-22,8.4614715,98.1143423,https://aquella.com/,cYa53yNJUU0,aquellathailand,Muang Thai site tsunami 2004,Beachfront,,,,,,,,
Asia,Thailand,Samut Prakan,Ballyshear,,2021,Hanse,New,Construction,,2020-12-04,13.609653,100.882831,https://brc.co.th/,xR9IHesKJ5I,ballyshear_golf_links,,Interview,rjmcfadde/status/1334854148718817280,Overhead,Yes,,,,,
Asia,Thailand,Stonehill,Gulf National,,2021,Phillips,New,Construction,,2020-05-02,,,https://www.google.com/search?q=Stonehill+golf+course+thailand+Phillis,,,,,,,Yes,,,,,
Asia,Turkey,Ankara,Regnum G&CC,,2020,Lobb,New,Open,,2020-10-02,39.9333635,32.8597419,https://golfbusinessnews.com/news/courses/grassing-completed-at-regnum-ankara-by-lobb-and-partners/,,,,,LOBBandPARTNERS/status/1311930722157039617, Oct 2020,,,,,,
Asia,UAE,Abu Dhabi,Ruwais,,2021,Hunt,New,Construction,,2020-10-08,24.1140764,52.6503332,https://www.instagram.com/p/CEtYhXDFVaB/,,jonhunt_golfcoursearchitect,,,SpazianiG/status/1039159234569691136,240 km,,,,,,
Asia,UAE,Abu Dhabi,Yas Acres,,2021,Fry,New,Construction,,2020-06-17,24.4960929,54.6272283,https://www.golfcoursearchitecture.net/content/construction-begins-on-new-yas-acres-golf-course-in-abu-dhabi,UZNewu5QkGQ,,2021 9 holes with 2nd 9 later,June 2020,,,,,,,,
Asia,UAE,Dubai,Trump World Dubai,,2020,Woods,New,Construction,,2020-06-17,25.025365,55.2503063,https://tgrdesign.tigerwoods.com/courses/trump-world-golf-club-dubai/,WI_g1aYH_28,damacofficial,,DAMAC,,,,,,,,
Asia,Ukraine,Kiev,<TBA>,,2023,Davison,New,Drawing boards ,,2021-01-04,,,https://www.instagram.com/p/CJn4ReblpVy/,,,,,,,,,,,,
Asia,Vietnam,Bao Ninh ,Truong Thinh,,2021,Norman,New,Construction,,2020-10-17,17.4545026,106.625146,https://baodauthau.vn/tap-doan-truong-thinh-canh-chim-dau-dan-cua-du-lich-quang-binh-post82379.html,bbAMxpwLuxc,,Dong Hoi,June 2020,,,,,,,,
Asia,Vietnam,Danang,BRG Danang Nicklaus,,2020,Nicklaus,New,Open,,2020-06-28,15.9717272,108.2757086,http://www.dananggolfclub.com/brg-da-nang-golf-resort-welcomes-asias-first-true-bulkhead-course-designed-by-the-worlds-leading-golf-course-architects-nicklaus-design,,,,,,,,,,,,
Asia,Vietnam,Hanoi,Stone Valley #2,,2020,Curley,New,Open,,2020-09-14,20.5362388,105.8181923,https://www.google.com/search?q=Stone+Valley+Golf+Vietnam,bWnJiNjdMVs,,1st 18 Opened 2018,Sept  2020,,,,,,,,
Asia,Vietnam,Hanoi,Yen Dung Rock Valley,,2021,Albanese Lutzke,New,Construction,,2020-05-02,21.2148161,106.1953002,https://www.google.com/search?q=Yen+Dung+Resort+Vietnam+Golf,RZW2qCn4_3c,,,2019,,,,,,,,
Asia,Vietnam,Hoi An,Hoiana Shores,,2020,RTJ II,New,Open,,2020-05-02,15.8231614,108.4009876,https://www.hoiana.com/golf,mCB-8dH45RI,hoianashoresgolf,,Introduction,RTJ2GolfDesign/status/1304926532541050882,Land,Maybe,,,,,
Asia,Vietnam,Ninh Binh,Royal GC Queens,,2021,Nicklaus II,New,Construction,,2020-12-17,,,https://www.google.com/search?q=Royal+Golf+Nicklaus+Vietnam,gL9RCLV0-2A,,,Nov 2019,,,,,,,,
Asia,Vietnam,Phan Thiet,Nova PGA Ocean,,2021,Norman,New,Construction,,2020-10-17,10.8458556,107.9657281,https://kenhdautuhieuqua.com/novaworld-phan-thiet/,vOQRha22xGM,,,July 2020,STSAsia/status/1294462134760255494,STS,,,,,,
Asia,Vietnam,,Serena Valley,,2022,Faldo,New,Drawing boards ,,2020-06-30,,,,FCJ1bCMMR6w,,, Demo,,,,,,,,
AU/NZ,Australia,Queensland,Cannon Hill,,2022,Reeves Ryan,New,Drawing boards ,,2020-10-17,,,https://golf-designers.com/cannon-hill-community-links-cannon-hill-brisbane,,,PCD,,,,,,,,,
AU/NZ,Australia,South Aus.,Kangeroo Island,,2024,Oliver,New,Drawing boards ,,2020-05-02,-35.8156647,136.7734605,https://www.golfaustralia.com.au/News/spectacular-kangaroo-island-course-gets-the-green-light-467715,,,,,,,,,,,,
AU/NZ,Australia,Tasmania,Barnbougle Bougle Run,,2021,Johns Hawker,New,Construction,,2020-10-17,-41.0048578,147.4356405,https://twitter.com/Barnbougle,,barnbougle,Coore,,Barnbougle/status/1312695238993997825, Jan 2020,,,,,,
AU/NZ,Australia,Tasmania,Arm End,,2022,Crafter Mogford,New,Drawing boards ,,2020-11-29,-42.9744534,147.3857366,http://www.golfstrategies.com.au/arm-end,zSrzWsLhsx4,,,Overhead,golfgetaways/status/824983258148413443,Edge,Yes,,,,,
AU/NZ,Australia,Tasmania,Musselroe Bay,,2022,OCM,New,Drawing boards ,,2020-12-04,-40.826529,147.0223042,https://www.ocm.golf/clients/musselroe-bay/,,,,,harriskalinka/status/1245754990129446912,Harris,,,,,,
AU/NZ,Australia,Tasmania,7 Mile Beach,,2023,,New,Drawing boards ,,2020-11-30,-42.8480417,147.4792542,https://7milegolf.wordpress.com/,,7milegolf,Goggin,,7milegolf/status/1326742259195375617,Road in,Yes,,,,,
AU/NZ,Australia,Victoria,Neangar Park,Short,2021,Davey,New,Construction,,2020-12-01,-36.713958,142.0277238,https://www.contourgolf.com.au/,,contour_golf,Bendigo,,,,,,,,,
AU/NZ,NZ,North Island,Tara Iti ,,2022,Coore Crenshaw,New,Construction,,2020-11-27,-36.1265157,174.616897,http://www.taraiti.com/,,taraitigolfclub,,,,,Yes,,,,,
AU/NZ,NZ,North Island,Tara Iti ,,2023,Doak,New,Drawing boards ,,2020-05-02,-36.1265157,174.616897,https://www.doakgolf.com/te-arai-resort/,,taraitigolfclub,,,,,Yes,,,,,
Europe,Bulgaria,Sofia,OKOL Lake Park,,2022,Hiseman EGC,New,Construction,,2020-10-02,42.4662629,23.5070195,https://okollakepark.bg/en/golf-course/,34tpBLs2yCU,,,Residential,,,,,,,,
Europe,Croatia,Cres,Matalda,,2023,Els,New,Drawing boards ,,2020-12-04,,,https://ernieels.com/design/the-courses/europe/matalda-mali-losinj-croatia/,,,$100M,,,,,,,,,
Europe,Cyprus,Pissouri,Eagle Pine Resort,,2022,G. Marsh,New,Drawing boards ,,2020-10-17,34.6780776,32.7366499,https://eaglepineresort.com/,,,,,aristodev/status/1199950901299027968,Overview,,,,,,
Europe,Czech Republic,Orlické,Golf Resort Dobrouč,,2020,Cervenka,New,Open,,2020-05-02,49.984154,14.2497426,https://www.golfdobrouc.cz/,,,,,vladimir_balcar/status/1302470471057842179,Images,,,,,,
Europe,Czech Republic,Prague,PGA National Oaks,,2020,Phillips,New,Open,,2020-10-16,49.9442475,14.6033686,https://oakspga.cz/,,oaksprague,,,ASGCA/status/1309855410954940417,Hole 15,,,,,,
Europe,Finland,,Tammer,,2022,Ilonen,New,Construction,,2020-09-08,61.5075823,23.8445162,https://www.tammer-golf.fi/,,,,,,,,,,,,
Europe,France,Orleans,Les Bordes (New),,2020,Hanse,New,Construction,,2020-11-24,47.7332276,1.681165,https://www.lesbordes.com/,,lesbordesgolf,,,JackLaws_/status/1328604569165836288,Piglet,Yes,,,,,
Europe,France,Paris,Golf de Roissy,,2020,Niedbala,New,Open,,2020-09-22,49.0004994,2.4942458,,,,,,valdoise_adrt/status/1306148592818814977, Sept 2020,,,,,,
Europe,Georgia,Tbilisi,Tabori GC,,2021,Dale Ramsey,New,Construction,,2020-07-20,41.680164,44.7840983,http://anagi.ge/en/project/tabori---hotel-and-golf-club-tbilisi/148,19EaIb9h03w,,Waiting on hotel,Shaping,,,,,,,,
Europe,Greece,Kilada,Kilada Hills,,2022,Nicklaus,New,Drawing boards ,,2020-11-25,37.4096038,23.117139,https://www.wsj.com/articles/SB10001424052970204467204576047701326257400,,,WSJ 2010,,,,,https://www.facebook.com/nicklauscompanies/photos/pcb.3337492822985243/3337492736318585/,,,,
Europe,Greece,Pilos,Navarino Hills Bay,,2021,Olazabal,New,Construction,,2020-09-22,36.9366121,21.7166891,https://www.costanavarino.com/golf-resort/bay-course/,LP4yDaV2zVA,,,Olazabal,,,,,,,,
Europe,Greece,Pilos,Navarino Hills Dunes,,2021,Olazabal,New,Construction,,2020-09-22,36.996698,21.6520333,https://www.costanavarino.com/golf-resort/dunes-course/,LP4yDaV2zVA,,,Olazabal,Messiniaproam/status/1327265199271923712,Dunes,,,,,,
Europe,Netherlands,Molenschot,Princenbosch,,2021,Rijks,New,Open,,2020-08-09,51.5480647,4.87138,https://www.princenbosch.nl/,,,Par 3 course,,,,,,,,,
Europe,Netherlands,Rosmalen,Rosmalen,,2020,van der Vaart,New,Open,,2020-10-16,51.7018124,4.249839,https://www.golfclubrosmalen.nl/home/wie_zijn_wij,,,,,,,,,,,,
Europe,Norway,,Nesfjellet,,2020,Grauballe,New,Ongoing,,2020-08-17,60.5348721,9.0082152,https://www.nesfjelletgolf.no/,,,9->18,,,,,,,,,
Europe,Portugal,Monte Rei,South Course,,2022,Nicklaus,New,Drawing boards ,,2020-09-22,37.2085504,-7.5513703,https://www.monte-rei.com/,yKH7YDlR9PM,montereiresort,,João Goulão,NicklausCo/status/1167437203699642373,Bouts,,,,,,
Europe,Spain,Andalucia,Azata,,2020,Stirling Martin,New,Open,,2020-12-22,36.4222993,-5.2040322,http://azatagolf.com/,,,,2018,,,,,,,,
Europe,Spain,Murcia,Altaona,,2021,Stirling Martin,New,Construction,,2020-07-20,37.8739439,-1.0979098,https://altaonavillage.com/,,,GTM Construction,,,,,https://kingcollinsgolf.com/projects/landmand-golf-club/,,,,
Europe,Spain,Oleiros,Pazo de Xaz,,2021,Stirling Martin,New,Construction,,2020-12-22,43.3507465,-8.3569032,https://pazodexaz.com/,,,,,,,,,,,,
GB&I,England,Bolton,Hulton Park,,2025,European Golf Design,New,Drawing boards ,,2020-08-15,,,https://harriskalinka.wistia.com/medias/3ipyw17fh5,,,Ryder Cup?,,,,,,,,,
GB&I,Ireland,Donegal,Ballyliffin Pollan Links,Short,2020,Ruddy,New,Open,,2020-12-11,55.2784618,-7.4117219,https://www.ballyliffingolfclub.com/course-details.html,NIevS6Mkbl4,,,Flyover,IRISHLINKS/status/1302021039430471681,Par 3,,,,,,
GB&I,Scotland,Aberdeen,Trump MacLeod,,2023,,New,Drawing boards ,,2020-10-20,57.2773453,-2.023333,https://www.bbc.com/news/uk-scotland-north-east-orkney-shetland-54589267,,,,,,,,,,,,
GB&I,Scotland,Fife,Dumbarnie,,2020,Clark,New,Open,,2020-09-22,56.2101486,-2.9763285,https://www.dumbarnielinks.com/,3nF6e6nnhyY,dumbarniegolflinks,,Opening Day,dumbarniegolf/status/1306668267793244161,Pics,Yes,,,,,
L America,Bahamas,,The Playground,,2020,Woods,New,Open,,2020-10-02,24.7843516,-76.1767872,https://www.jacksbayclub.com/,Hy9ZjWShU0s,jacksbayclub,Par 3 course ,Eleuthera,,,,,,,,
L America,Barbuda,Barbuda,Barbuda Ocean Club,,2022,Tom Fazio,New,Drawing boards ,,2020-11-30,17.5495877,-61.7655551,https://barbudaoceanclub.com/experiences/golf,,barbudaoceanclub,Discovery Land,,,,,,,,,
L America,Barbuda,Barbuda,Kakona,,2022,Kidd,New,Drawing boards ,,2020-12-04,,,https://harriskalinka.wistia.com/medias/0r08y1tmiv ,,,,,,,,,,,,
L America,Brazil,Sao Paulo,Boa Vista,,2022,R Jones,New,Drawing boards ,,2020-10-26,,,,b-U2obE5P_4,,American Wave,,,,,,,,,
L America,Ecuador,Samborondón,Guayaquil CC,,2021,Charlton,New,Construction,,2020-12-11,-2.0571776,-79.8230751,http://gcc.ec/,pyYS8oGp5OQ,el_country,Marcelo Travieso,Build,RTJ2GolfDesign/status/1337506204906639363,Hole 18,,,,,,
L America,Guyana,Mahaica,Maraiko Bay,,2021,Hemstock,New,Drawing boards ,,2020-11-14,6.689602,-93.7796094,https://www.cimgro.com/maraiko-bay,,,Rudy Ramalingum CIMGRO,,,,,,,,,
L America,Mexico,Baja,Punta Brava,,2025,Woods,New,Drawing boards ,,2020-12-04,,,http://www.puntabrava.com/about/,,,,,harriskalinka/status/881602790291902464,Hole 18,,,,,,
L America,Mexico,Cabo,Rancho San Lucas,,2020,Norman,New,Open,,2020-09-22,22.9136626,-110.0138842,https://ranchosanlucas.com/golf/,upG9MNhwCsE,ranchosanlucas,,Historical,SharkGregNorman/status/1230589373516787720,Images,,,,,,
L America,Mexico,Ciudad,The Pit,Short,2020,Piza,New,Open,,2020-12-03,,,http://www.architecturepressrelease.com/third-award-green-complex-bss-the-pit-by-piza-golf/,,,,,arqpiza/status/1331309088148316160,Lounge,,,,,,
L America,Mexico,Yucatan,RLL Wellness,,2022,Piza,New,Drawing boards ,,2020-12-03,20.754224,-89.8636271,http://www.architecturepressrelease.com/2nd-award-multi-golf-complex-rll-by-piza-golf/,,,Chablé,,arqpiza/status/1321157846709522438,Wellness,,,,,,
L America,St Lucia,St Lucia,Cabot Point,,2021,Coore Crenshaw,New,Construction,,2020-09-22,14.074383,-60.935679,https://cabotsaintlucia.com/,,,,,BelgianGolfer/status/1270758108122566661,Hole 17,Yes,,,,,
N America,Canada,Alberta,Mickelson National,,2020,Mickelson,New,Open,,2020-09-22,51.118588,-114.386547,https://www.mickelsonnational.com/,wznzPUkgeyA,mickelsonnationalgolf,,Barry Ehlert,,,,,,,,
N America,Canada,British Columbia,Cabot Revelstoke,,2023,Whitman Cutten,New,Drawing boards ,,2020-11-16,51.0087448,-118.3353599,https://cabotrevelstoke.com/,,cabotrevelstoke,,,,,,,,,,
N America,Canada,Ontario,<TBA>,,2023,Andrew,New,Drawing boards ,,2020-01-07,,,,,,,,IanAndrewGolf/status/1347176605681152002,Plans,,,,,,
N America,Canada,Nova Scotia,Cabot Nest,Short,2020,Whitman Axland,New,Open,,2020-05-02,46.2365266,-61.3044246,https://www.cabotlinks.com/golf/the-nest/,,,Par 3,,GOLF_com/status/1281683468951318528,GOLF,,,,,,
N America,USA,Arizona,Sterling Grove,,2021,Nicklaus,New,Construction,,2020-10-02,33.5942651,-112.4300296,https://www.sterlinggroveclub.com/golf,,,,,,,,,,,,
N America,USA,California,Brambles ,,2022,Duncan Coore,New,Construction,,2020-06-30,38.794528,-122.554361,https://brambler.wixsite.com/golf/golf,,bramblesgolf,,,coorecrenshaw/status/1275509753813360642,Coore,Yes,,,,,
N America,USA,California,Maha Napa Resort,,2023,Doak,New,Drawing boards ,,2020-05-14,38.6933,-122.6047,https://www.doakgolf.com/maha-napa-resort/,,,GPS approx,,,,,,,,,
N America,USA,California,Coyote Canyon,,2026,,New,Drawing boards ,,2020-07-23,,,https://land-collective.com/projects/coyote-canyon/,,,TAIT Newport OC,,,,,,,,,
N America,USA,Colorado,Flying Horse North,,2020,Smith,New,Open,,2020-10-28,39.019506,-104.7936711,https://flyinghorseclub.com/northgolf2020/,93zihKg9OPM,flyinghorsecolorado,,Overhead,,,,,,,,
N America,USA,Delaware,Links at St Anne's,,2020,Liddicoat Horne Furyk,New,Open,,2020-05-07,39.4194306,-75.7366621,https://linksatstannes.com/golf-course/,fUf32slf50M,,,PPI TV,,,,,,,,
N America,USA,Delaware,Plantation Lakes,,2020,Forrest Smith ,New,Open,Hills,2020-06-30,38.5893621,-75.3195816,https://www.plantationlakesclub.com/course/,,,New 9,,,,,,,,,
N America,USA,Florida,Esplanade at Azario,,2020,Wilczynski,New,Open,,2020-06-30,27.4705524,-82.3967148,https://www.taylormorrison.com/fl/sarasota/lakewood-ranch/esplanade-at-azario-lakewood-ranch,mpnHHAbbQqs,,,Overhead,thetop100golfer/status/1335702509676060675,Images,,,,,,
N America,USA,Florida,FSU Seminole Legacy,,2020,Nicklaus,New,Open,Amick,2020-06-27,30.4189186,-84.3199502,https://www.clubcorp.com/Clubs/Seminole-Legacy-Golf-Club,GS7QjgeI0DY,seminolelegacygc,,Opening,,,,,,,,
N America,USA,Florida,Grove XXIII ,,2020,Weed ,New,Open ,,2020-09-24,27.0455063,-80.2166297,https://www.grovexxiii.com/,,grovexxiii,,,,,,,,,,
N America,USA,Florida,Lakewood National,,2020,Johnson Layton,New,Open,,2020-06-30,27.4372699,-82.3632661,https://www.lakewoodnationalgc.com/,XU3JmORm7ak,,Piper,Hole 1,,,,https://golfdesignindia.com/portfolio-item/noida-golf-club-uttar-pradesh/,,,,
N America,USA,Florida,PGA Natl (Par 3) ,Short,2021,Staples ,New,Construction,,2020-12-28,26.8290965,-80.1435211,https://www.golfcoursearchitecture.net/content/andy-staples-reimagines-squire-course-at-pga-national,LDKaW4BTSkw,,Squire 1+18,,,,,,,,,
N America,USA,Florida,McArthur,,2022,Coore Crenshaw,New,Drawing boards ,,2020-11-08,27.0942523,-80.169722,https://www.mcarthurgolf.com/,,,,,BPBlackMetal/status/1319298294019989504,Hope,Yes,,,,,
N America,USA,Florida,National Ave Maria,,2021,Lewis,New,Open,,2020-01-07,26.3225648,-81.5802315,https://www.lennarswfl.com/lp/the-national-at-ave-maria/,,,,,TimAtenKnows/status/1347041385271226368,PR,,,,,,
N America,USA,Florida,Panther National,,2022,Nicklaus,New,Drawing boards ,,2020-09-14,26.683846,-80.1798025,https://panthernational.com/,,panthernational,Avenir - 18 + 9 hole Par 3,,,,,,,,,
N America,USA,Florida,Southern Oaks,,2022,Ezell,New,Construction,,2020-11-23,28.8220352,-82.0286893,https://www.thevillages.com/whatsnew/golf,kanAuOdcFbw,,The Villages, Oct 2020,ASGCA/status/1289561767228477443,ASGCA,,,,,,
N America,USA,Florida,Stillwater,,2022,Weed ,New,Construction,,2020-12-07,,,https://www.lennar.com/New-Homes/Florida/Jacksonville-St-Augustine/St-Johns/Stillwater,,,,,weed_golf/status/1335989588784001025,JAX,,,,,,
N America,USA,Indiana,Holliday Farms,,2021,Dye Liddy,New,Construction,,2020-06-29,39.9898837,-86.2638006,https://hollidayfarmszionsville.com/golf/,FVttDRI9p6Q,holliday_farms,,Welcome,,,,,,,,
N America,USA,Maryland,Thousand Acres,,2022,Schreiner,New,Construction,,2020-10-12,39.4835989,-79.263284,https://thousandacresgolf.com/,,,New 9,,,,,,,,,
N America,USA,Michigan,Forest Dunes Par 3,,2020,Johns & Rhebb,New,Construction,,2020-09-22,44.5918048,-84.5316975,https://www.forestdunesgolf.com/golf/par-3-course,qJWTSzTbXG4,forestdunes,,Construction,BunkerShotGolf/status/1286767409966321664,Open,,,,,,
N America,USA,Michigan,American Dunes,,2021,Nicklaus,New,Construction,,2020-09-29,43.0005639,-86.2114377,https://americandunesgolfclub.com/,dc3pfYcuVHc,americandunes,was Grand Haven,Construction,GOLF_com/status/1311006605866131457,GOLF,,,,,,
N America,USA,Michigan,Saskatoon,,2021,Albanese Matthews,New,Construction,,2020-10-02,42.7964227,-85.4436145,https://www.saskatoongolf.com/,ayBhFt5Fbr4,,New 9 holes,Silver Course,,,,,,,,
N America,USA,Mississippi,BrazenHead12,,2021,King Collins,New,Drawing boards ,,2020-08-09,32.3450307,-90.21728,https://www.lyingfour.com/conversations-blog/2019/12/10/nu8vgkafqlj7ka8hutflhgdv4wgn9q,,,defunct Colonial CC,,,,,,,,,
N America,USA,Missouri,Paynes Valley ,,2020,Woods ,New,Open,,2020-05-13,36.5650603,-93.202164,https://bigcedar.com/golf/paynes-valley-course/,TzjGh-WwenE,bigcedarlodge,,Fore,,,,,,,,
N America,USA,Montana,Par 3 TBA,,2022,Weiskopf Smith,New,Drawing boards ,,2020-10-28,,,,,designphilsmith,Big Sky,,,,,,,,,
N America,USA,Nebraska,CapRock Ranch,,2021,Hanse ,New,Construction,,2020-09-22,42.736804,-100.8755556,https://www.caprockranch.com/gallery,,,,,,,Yes,,,,,
N America,USA,Nebraska,Landmand,,2022,King Collins ,New,Construction,,2020-08-19,42.3222706,-96.4986368,https://twitter.com/KingCollinsGolf,5I8QfdH3slU,kingcollinsgolf,,Flyover,KingCollinsGolf/status/1306637436508872706,Hole 11,Yes,,,,,
N America,USA,Nebraska,Lost Rail,,2022,Hoffman,New,Construction,,2020-11-23,41.1721581,-96.282254,https://twitter.com/lostrailgolf,og4Z2_vTxrs,,West Omaha,Bill Kubly,LostRailGolf/status/1329851693471830017,Hole 16,,,,,,
N America,USA,New York,Buffalo Olmsted ,,2023,Nicklaus,New,Construction,,2020-01-07,42.9327894,-78.8549453,https://www.betterparksbuffalo.org/,,,was Delaware Park,,allenmendenhall/status/1347173919401385991,Dixon,,,,,,
N America,USA,North Carolina,High Hampton,,2021,Tom Fazio,New,Construction,,2020-12-04,35.0989484,-83.08636,https://highhamptonnc.com,,highhamptonnc,,,bamabearcat/status/1334702687171047425,Images,Maybe,,,,,
N America,USA,North Carolina,Contentment,,2022,George,New,Drawing boards ,,2020-08-19,36.2661085,-80.8851187,,,,Raynor 22 holes,,,,,,,,,
N America,USA,Oregon,Callahan Ridge,,2021,Hixson,New,Construction,,2020-11-26,43.2529621,-123.4355072,,,hixsongolfdesign,Umpqua Sand Gravel,,feedtheball/status/1312871937790550016,Tour,,,,,,
N America,USA,Oregon,Pacific Gales,,2026,Haley Esler,New,Drawing boards ,,2020-11-28,,,http://pacificgales.com/,,,,,pacificgales,Updates,,,,,,
N America,USA,Oregon,Thornburgh Resort,,2028,Coore Crenshaw ,New,Drawing boards ,,2020-11-14,,,https://www.golfincmagazine.com/content/resort-oregon-gets-approval-build-golf-course-despite-appeals,,,Under appeal,,,,,,,,,
N America,USA,South Carolina,Midway,,2020,Smith,New,Construction,,2020-07-20,33.6822063,-78.9454038,,,,was Whispering Pines,,,,,,,,,
N America,USA,South Carolina,The Buck Club,,2025,Blair,New,Drawing boards ,,2020-11-01,33.5393467,-81.7464138,https://thebuck.club/course-plans/,,thebuckclub,Aiken - Tree Farm,,z_blair/status/1296617645656219648,Blair,,,,,,
N America,USA,Tennessee,Patch at Oak Ridge,,2020,Bergin,New,Construction,,2020-09-14,35.9059603,-84.4186999,https://thepreserveatoakridge.com/amenities/the-patch/,coQkECXOmUk,thepreserveatoakridge,Short course,Sept  2020,,,,,,,,
N America,USA,Tennessee,Cheekwood,,2022,Nicklaus,New,Drawing boards ,,2020-09-22,35.9499075,-86.8685682,http://cheekwoodgolfclub.com/,,,,,,,,,,,,
N America,USA,Texas,Heath Golf & Yacht,,2020,Bechtol,New,Open,,2020-06-28,32.8128147,-96.7578382,https://www.heathgolfandyachtclub.com/,5uDlNxD_5Z0,,,Construction,,,,,,,,
N America,USA,Texas,Nine Grand ,,2021,Nuzzo ,New,Construction,,2020-05-02,30.3339685,-95.0625121,https://www.golfcoursearchitecture.net/content/nuzzo-and-mahaffey-team-up-again-at-nine-grand,,,,,,,,,,,,
N America,USA,Texas,PGA HQ East ,,2022,Hanse ,New,Construction,,2020-11-26,33.1506046,-96.9678833,https://www.visitfrisco.com/pga/,,,,,PGA/status/1330227228022489089,Images,,,,,,
N America,USA,Texas,PGA HQ West ,,2022,Welling ,New,Construction,,2020-11-02,33.1506046,-96.9678833,https://www.visitfrisco.com/pga/,,,,,,,,,,,,
N America,USA,Texas,Red Feather,,2022,King Collins,New,Drawing boards ,,2020-11-30,33.5913505,-102.0285317,https://twitter.com/KingCollinsGolf/status/1305205679674789888,,,,,redfeathergc/status/1333120206764433409,Plan,,,,,,
N America,USA,Utah,Copper Rock ,,2020,Beddo ,New,Construction,,2020-05-02,37.1115307,-113.3196172,https://copperrock.com/,cfGwrSLFwnI,,,Opening,,,,,,,,
N America,USA,Utah,Black Desert Resort,,2022,Weiskopf Smith,New,Construction,,2020-10-28,37.2178145,-113.6417902,https://www.blackdesertresort.com/,1EaKg4Bhko,,Snow Canyon,Overhead,RealGolf/status/1312365735595835394,Weiskopf,,,,,,
N America,USA,Utah,Wohali,,2022,,New,Drawing boards ,,2020-07-23,,,https://www.dropbox.com/sh/6z2iozeqopbotc9/AADqSo9GJb6AvXfWifQQhEd8a?dl=0&preview=00.WOHALI+GOLF+-+HYDROLOGY+REPORT.pdf,,,2 new golf courses,,,,,,,,,
N America,USA,Virginia,Cutalong,,2020,Clark,New,Open,,2020-12-21,38.081443,-77.86842,https://www.cutalonglakeanna.com/golf-course-lake-anna,,,,,verdesportsco/status/1262501651233083392,Verde Sports,,,,,,
N America,USA,Washington,Gamble Sands Quicksand,,2021,McLay-Kidd,New,Construction,McLay-Kidd,2020-07-15,48.0753752,-119.6521546,https://www.linksmagazine.com/quicksands-short-course-gamble-sands/?fbclid=IwAR38Ta9CWzVGjLTH0sJGfoSXQsuxEMIMwruzKFRhbdjH5o9n_LcFh2-n6Ys,uGqU7Zb9nwo,gamblesandsgolf,14 hole par 3,July 2020,GambleSands/status/1299485714518667264,Sept  2020,,,,,,
N America,USA,Washington,Skamania,,2021,Costello,New,Construction,,2020-10-02,45.68574,-121.904835,https://www.skamania.com/golf_course/,,,,,,,,,,,,
N America,USA,Wisconsin,Blackwolf Run Baths,,2021,Lutzke,New,Drawing boards ,,2020-07-21,43.7268999,-87.7780727,https://www.americanclubresort.com/,,,10 hole par 3 ,,GOLF_com/status/1285575063543177217,GOLF,,,,,,
N America,USA,Wisconsin,Pioneer Pointe,Short,2021,Lohmann Quitno,New,Construction,,2020-11-23,43.0581513,-89.5828619,,,,Tumbledown Trails -> 13 hole par 3,,LohmannQuitno/status/1329631605871218691,Hole 11,,,,,,
N America,USA,Wisconsin,Sand Valley Lido,,2023,Doak,New,Drawing boards ,,2020-08-09,44.1717279,-89.8576985,,,,,,,,,,,,,
Asia,India,Kerala,Trivandrum,,2021,Nandrajog,Rebuild ,Construction,Thompson,2020-11-26,8.5224668,76.964031,http://saitrivandrumgolfclub.com/home/,4xE0QDVYD5Y,golf_design_india,9 holes,2017,scorpiosaurus/status/1262255612160663552,Pics,,,,,,
Asia,South Korea,Seoul,Haevichi CC,,2022,One Club,Rebuild ,Drawing boards ,,2020-12-04,37.6133808,127.287705,https://www.haevichi.com/ccseoul/ko,,,,,harriskalinka/status/1100848046643007488,Harris,,,,,,
AU/NZ,Australia,Victoria,Sandy Golf Links,,2020,OCM,Rebuild ,Open,,2020-11-24,-37.9671187,145.0266086,https://www.sandringham.golf/,d7LaWiUENsI,sandygolflinks,was Sandringham,Oglivy,sandygolflinks/status/1331158968647835648,Next to RM,,,,,,
L America,Uruguay,Maldonado,Las Piedras,,2021,Layton,Rebuild ,Construction,Palmer,2020-11-03,-34.8400733,-55.4455424,http://www.laspiedrasfasano.com/en/amenities/golf/,,thad.layton,New 9,,,,,,,,,
N America,USA,California,Pebble Beach Hay par 3 ,Short,2021, Woods ,Rebuild ,Construction ,,2020-10-13,36.5696553,-121.9519442,,Xb4MlZk4Zt4,pebblebeachresorts,,Experience,,,,,,,,
N America,USA,California,Vandenburg 2.0,,2025,,Rebuild ,Drawing boards ,,2020-11-27,34.7411303,-120.5737919,http://thelarkingroup.com/projects/military-projects/,,,Larkin Group,,,,,,,,,
N America,USA,Illinois,Sportsman's,,2021,Jacobson,Rebuild ,Construction ,,2020-10-20,42.1368249,-87.8691993,https://www.sportsmansgolf.com/,,,,,,,,,,,,
N America,USA,Indiana,Indiana U Pfau GC,,2020,Smyers Zoeller,Rebuild ,Open,,2020-09-22,39.1789233,-86.508093,https://pfaucourse.com/,Dmg2EnDMV_M,,,Sneak Peek,,,,,,,,
N America,USA,Kentucky,Park Mammoth GC,,2021,Ross & Craig,Rebuild ,Construction,,2020-09-22,37.1045943,-86.0891189,,,,was Cave Valley,,brianrossgolf/status/1314956541536108546,Hole 2,,,,,,
N America,USA,Louisiana,Lake Charles Muni,,2021,Blume,Rebuild ,Construction,,2020-06-29,30.2102866,-93.1557257,,,,was Mallard Cove,,,,,,,,,
N America,USA,Louisiana,Smugglers Run,,2023,Crace,Rebuild ,Drawing boards ,,2020-09-19,32.2927284,-97.2502263,https://www.jprec.org/golfcourse,,,Jackson Parish,,,,,,,,,
N America,USA,Missouri,Tower Tee,,2021,Schaupeter,Rebuild ,Construction,,2020-09-23,38.5678952,-90.3314224,https://callnewspapers.com/the-new-tower-tee-features-a-mix-of-the-old-and-the-new/,,schaupetergolf,,,,,,,,,,
N America,USA,New Jersey,Union League,,2022,Frye Straka ,Rebuild ,Construction,Hurdzan Fry,2020-09-22,39.1367563,-74.7796611,https://www.unionleague.org/union-league-national-golf-club.php,,,was Sand Barrens,,,,Yes,,,,,
N America,USA,New York,formerly Rondout ,Short,2020,King Collins ,Rebuild ,Construction,,2020-05-02,41.7983037,-74.2313727,,,,9 holes,,,,,,,,,
N America,USA,North Dakota, Fox Hills,,2020,Norby ,Rebuild ,Construction,,2020-05-02,47.8051069,-103.2353582,https://foxhillsgc.com/index.htm,,,was Watson City,,,,,,,,,
N America,USA,Oregon,Sheep Ranch ,100,2020,Coore Crenshaw ,Rebuild ,Open,,2020-09-22,43.2187883,-124.392781,https://sheepranch.golf/,Mur6fBtsZ48,bandondunesgolf,,Coore,BandonDunesGolf/status/1270035947497779203,SR,Yes,,,,,
N America,USA,Pennsylvania,Bob O’Connor,Short,2021,Cervone ,Rebuild ,Drawing boards ,,2020-08-15,40.437792,-79.9366046,,,,Two 9 hole courses,,,,,,,,,
N America,USA,South Carolina,Quixote Club  ,,2021,Nicklaus Spence,Rebuild ,Construction,,2020-10-17,33.8948015,-80.3750896,https://www.quixoteclub.com/,0wtVhRx60mM,,Formerly Sunset CC,Back 9,,,,,,,,
N America,USA,Utah,Entrada ,,2022,McLay-Kidd ,Rebuild ,Drawing boards ,Miller ,2020-09-22,37.1546372,-113.6396556,https://www.golfentrada.com/golf/view-the-course/1,gQAGepTPgBI,entradasnowcanyon,$7M,Animation,AtEntrada/status/1300850435952181248,Sept  2020,,,,,,
N America,USA,Virginia,Boar's Head Birdwood,,2020,Love Sherman,Rebuild ,Open,Lindsay Ervin,2020-09-22,38.0484074,-78.5434357,https://www.boarsheadresort.com,FarbZoZrgYQ,boarsheadresort,,Sept  2020,UVAMensGolf/status/1309139776356974604,UVA,,,,,,
N America,USA,Virginia,Belmont ,,2021,Love Sherman,Rebuild ,Construction,Tillinghast ,2020-09-22,37.6183634,-77.4641819,http://www.playbelmontrva.org/,neY2s-YRU7I,playbelmontrva,$5M,Henrico County,,,,,,,,
Asia,China,Hong Kong,Discovery Bay Ruby,,2021,Swanson,Renovation,Construction,RTJ,2020-11-24,,,https://www.facebook.com/Swanson-Golf-Design-230333973676721/photos/pcb.3548466815196737/3548466011863484,,,,,,,,,,,,
Asia,China,Shenzhen,Genzon B,,2022,,Renovation,Drawing boards ,Haworth,2020-11-29,22.699145,113.9850333,http://www.genzon-golf.com/en/,Eq1D9qABAYI,,Volvo China Open,Highlights,EuropeanTourETD/status/1309060961630814208,PGA,,,,,,
Asia,Indonesia,Bali,International Resort GC,100,2024,Mickelson,Renovation,Drawing boards ,,2020-05-02,-8.6205702,115.09305,https://www.nytimes.com/2019/08/13/world/asia/donald-trump-jr-indonesia.html,,,Formerly Nirwana Bali,,,,,,,,,
Asia,Malaysia,Langkawi,99 East,,2020,Watson,Renovation,Open,,2020-09-22,6.3227758,99.7866603,https://www.99east.com/99east-golf-club/,do0YA8o-CPw,99eastlangkawi,Zoysia Zeon,Old Layout,99EastGolfClub/status/177316141977440256,Green 4,,,,,,
Asia,Singapore,Singapore,Tanah Merah Garden,,2020,RTJ II Charlton Gorman,Renovation,Open,,2020-08-17,1.3288299,103.9702888,https://www.tmcc.org.sg/,,,Changi airport expansion,,RTJ2GolfDesign/status/1162450873047347200,Seed,,,,,,
Asia,Singapore,Singapore,Seletar Country Club ,,2021,Dale Ramsey,Renovation,Construction,,2020-06-29,1.4096761,103.8559274,https://www.seletarclub.com.sg/golfcourse-reno-updates/,,,,,,,,,,,,
Asia,Singapore,Singapore,Singapore Island CC,,2021,Marsh,Renovation,Construction,Pennick Thompson,2020-11-11,1.3429966,103.8112293,https://gis.sicc.org.sg/?page_id=7709,1jvzauJKyH4,,27 hole project,Club Video,gcamagazine/status/1326526576289263616,Images,,,,,,
Asia,Thailand,Samut Prakan,Green Valley,,2020,In house,Renovation,Ongoing,RTJ II,2020-09-22,13.6082414,100.5995974,https://www.greenvalleybangkok.com/,Yo36rldpiBs,,Bunkers,Barnaby Carter,,,,,,,,
Asia,Turkey,Belek,Titanic GC,,2021,Eur Golf Design,Renovation,Construction,,2020-09-22,36.8609013,28.7280452,http://titanicgolfclub.com/,p7asZ4Y2QKw,titanichotels,,Official Video,eurogolfdesign/status/1328643867487440898, Nov 2020,,,,,,
AU/NZ,Australia,NSW,Killara,,2020,Kruse,Renovation,Open,,2020-10-16,-33.7697065,151.1565035,http://www.kgc.com.au/welcome/index.mhtml,,,,,,,,,,,,
AU/NZ,Australia,NSW,Hurstville GC,,2021,,Renovation,Construction,,2020-12-04,-33.9812117,151.0188514,https://hurstvillegolf.com.au/,,,$1.1M,,,,,,,,,
AU/NZ,Australia,Perth,Fremantle GC,,2021,Chamberlain,Renovation,Construction,,2021-01-07,-32.1032349,115.4581054,https://freoview.wordpress.com/2019/12/20/new-freo-public-golf-course-plans/,,,,,,,,,,,,
AU/NZ,Australia,South Aus.,Robe GC,,2020,Crafter Mogford,Renovation,Construction,,2020-10-17,-37.3569383,140.1098396,https://robegolfclub.com/robe-golf-course/,,,Dunes Six,,,,,,,,,
AU/NZ,Australia,Tasmania,Country Club Casino Resort,,2023,Woods Welling,Renovation,Drawing boards ,,2020-06-28,-41.484951,147.1066763,https://www.countryclubtasmania.com.au/,,countryclubtas,,,,,,,,,,
AU/NZ,Australia,Victoria,Lonsdale,,2020,OCM,Renovation,Open,,2020-07-15,-38.2803382,144.5894643,https://www.lonsdalegc.com.au/cms/,7XfmxUoXgHA,,,Sneak Peek,,,,,,,,
AU/NZ,Australia,Victoria,Huntingdale,,2022,OCM,Renovation,Drawing boards ,,2020-12-16,-37.9173419,145.0965,https://www.ocm.golf/clients/huntingdale/,,,,,,,,,,,,
AU/NZ,NZ,North Island,Riverside (Lochiel),,2021,RBT / Tataurangi,Renovation,Construction,,2020-05-14,-37.8413016,175.3470491,https://www.riversidegolf.co.nz,,,,,,,,,,,,
AU/NZ,NZ,North Island,Royal Auckland & Grange,,2022,Nicklaus,Renovation,Construction,Fred Hood (R Auck),2020-10-17,-36.9638889,174.851978,https://www.raggc.com/cms/,,,36 holes-->27 holes,,NicklausCo/status/1153685546914537472,Video,,,,,,
AU/NZ,NZ,North Island,Titirangi,,2022,Johnson,Renovation,Ongoing,,2020-05-14,-36.9174789,174.6853208,https://www.titirangigolf.co.nz,lG6WmKaJ7iA,titirangigolf,,Johnson + Swafford Interview,,,,,,,,
Europe,Austria,Vienna,Fontana,,2021,Carrick,Renovation,Ongoing,,2020-07-02,47.977462,16.3117495,https://fontana.at/,Gb_VPMKWMCo,,,Topiary,,,,,,,,
Europe,Belgium,Brussels,Golf de Hulencourt,,2020,Pont,Renovation,Open,Simpson Fowler,2020-06-27,50.6319564,4.3848284,https://www.golfhulencourt.be/,iOuHFvHmo0Q,,,Phase 2,,,,,,,,
Europe,Cyprus,Paphos,Minthis GC,,2021,Mackenzie,Renovation,Construction,,2020-08-15,34.8231081,32.4961756,https://www.minthisresort.com/,,,Greens,,,,,,,,,
Europe,Denmark,Holstebro ,Holstebro ,,2020,Spogard,Renovation,Construction,Schnack RTJ,2020-06-28,56.321878,8.4257974,https://holstebrogolfklub.dk/,76M_VwZao0s,holstebrogolfklub,,Hole 2,,,,,,,,
Europe,Denmark,,Simon's GC,,2020,,Renovation,Open,Hawtree,2020-07-10,55.975773,12.4876073,https://simonsgolf.dk/en/the-club/history/,,simonsgolfclub,Bunkers Capillary Concrete,,,,,,,,,
Europe,France,Orleans,Les Bordes Intl,,2023,Hanse,Renovation,Drawing boards ,von Hagge / Baril,2020-09-22,47.7332276,1.681165,https://www.lesbordes.com/,,lesbordesgolf,,,JackLaws_/status/1267919929434570754,Hole 11,,,,,,
Europe,France,Paris,Golf de Joyenval,,2020,Crompton,Renovation,Open,RTJ,2020-09-22,48.8931355,1.4751088,https://www.golfdejoyenval.com/,,,Capillary Concrete,,,,,,,,,
Europe,Germany,Frankfurt,Hof Hausen,,2021,Van de Vaart,Renovation,Construction,,2020-10-08,50.11356,8.457676,https://www.hofhausengolf.de/,,,,,,,,,,,,
Europe,Germany,Hamburg,Hamburger Falkenstein,100,2021,Pont Hilgert,Renovation,Construction,Colt,2020-09-22,53.5724697,9.7721462,https://www.golfclub-falkenstein.de/,,,Bunkers Mowing lines,,ukgolfguy/status/1164266293186326528,Pics,,,,,,
Europe,Germany,Hamburg,Maritim Golfpark Ostsee,,2021,Pont Hilgert,Renovation,Construction,,2020-09-22,53.9655184,10.8072486,https://www.maritim.com/en/golfpark,,,,,,,,,,,,
Europe,Iceland,Thorlakshofn ,Þorlákshöfn,,2020,Roald,Renovation,Open,,2020-09-09,63.8690693,-21.4115189,https://twitter.com/EdwinRoald/status/1303462692116668417,,,,,EdwinRoald/status/1303462692116668417,New Holes,,,,,,
Europe,Italy,Roma,Marco Simone,,2022,Fazio II EGD(Slessor),Renovation,Drawing boards ,Simone,2020-12-14,41.959633,12.6295893,http://www.golfmarcosimone.com/en/,lG-OAQfUFGQ,,Ryder Cup 2023,As of 2020,eurogolfdesign/status/1331946543486820352,Images,,,,,,
Europe,Italy,Sicily,Verdura,,2022,Phillips,Renovation,Construction,,2020-08-24,37.4693158,13.1949976,,,,Repair flood damage,,,,,,,,,
Europe,Netherlands,Utrecht,Schaerweijde,,2020,Rijks,Renovation,Open,,2020-10-16,52.1046822,5.2664037,https://schaerweijde-golf.nl/,,,,,,,,,,,,
Europe,Norway,,Miklagard,,2020,RTJ II,Renovation,Construction,RTJ II,2020-05-14,60.0789423,11.154315,https://www.world-of-leading-golf.com/index.php/all-clubs/articles/miklagard-golf-206.html,,,,,,,,,,,,
Europe,Spain, Algorfa , La Finca ,,2020,,Renovation,Open,,2020-09-22, 38.06 , (5.28), https://www.lafincaresort.com/ , Ip-ykugk_gQ , lafincaresort ,, Resort ,,,,,,,,
Europe,Spain,Andalucia,Club Vista Hermosa,,2021,Pont,Renovation,Ongoing,,2020-08-17,36.5725214,-6.3580227,https://rcgvistahermosa.com/,xvAbOauUDlk,,,Cadiz,,,,,,,,
Europe,Spain,Girona,Empordà Golf Resort,,2021,In-house,Renovation,Ongoing,Von Hagge,2020-06-30,42.0138185,3.1366175,https://www.empordagolf.com/ca/,,empordagolf,,,,,,,,,,
Europe,Spain,Madrid,Club Puerta de Hierro,100,2021,Pont,Renovation,Ongoing,Colt,2020-09-22,40.460686,-3.7366811,https://www.rcphierro.com/index.php,,,Upper Course,,conorWalsh11/status/1331311836390678528, Nov 2020,,,,,,
Europe,Spain,San Roque,San Roque Old,,2020,In-house,Renovation,Open,Thomas,2020-11-29,36.2660153,-5.3382047,https://www.sanroqueclub.com/,oLZ0m7rDfDo,,, July 2020,TurfgrassC/status/1276520600723509249,Green 18,,,,,,
Europe,Spain,San Roque,Alcaidesa Links,,2021,Acttua Golf,Renovation,Construction,Alliss Clark,2020-09-22,36.2473249,-5.3938399,https://www.alcaidesagolf.com/en/news/71/-10-10/,,alcaidesagolf,Hole 4,,,,,,,,,
Europe,Sweden,,Djursholms,,2021,Grauballe,Renovation,Construction,,2020-08-17,59.4141756,18.0781703,http://www.dgk.nu/,punzLudl5Oo,,,2017,,,,,,,,
Europe,Sweden,,Gullbringa,,2022,Fjällman,Renovation,Construction,,2020-12-14,57.8825028,11.7686445,http://www.gullbringagolf.se/,,,,,,,,,,,,
Europe,Switzerland,Crans Montana,Crans sur Sierre,,2020,EGD,Renovation,Ongoing,,2020-07-16,46.3036774,7.4658408,https://www.golfcrans.ch/fr/,,golfclubcrans,,,,,,,,,,
GB&I,England,Cheshire,Royal Liverpool,100,2020,Mackenzie Ebert,Renovation,Open,Morris Chambers Colt Steele,2020-09-23,53.3873817,-3.1869729,https://www.royal-liverpool-golf.com/,,rlgchoylake,New par 3 17th,,,,,,,,,
GB&I,England,Derbyshire,Cavendish,,2021,Gaunt,Renovation,Construction,MacKenzie,2020-12-04,53.2606706,-1.931618,https://www.golfcoursearchitecture.net/content/jonathan-gaunt-under-way-with-centenary-project-at-cavendish,,,,,cc_golfscapes/status/1332384484864483329,Images,,,,,,
GB&I,England,Devon,Royal North Devon,100,2021,Mackenzie Ebert,Renovation,Construction,Morris,2020-09-10,51.0454173,-5.3425058,http://www.royalnorthdevongolfclub.co.uk/,WfPlvjs2qZg,,Coastal Erosion,8th hole,,,,,,,,
GB&I,England,Hampshire,Liphook,100,2020,Mackenzie Ebert,Renovation,Construction,Croome Simpson,2020-09-23,51.0590546,-0.8123017,https://www.liphookgolfclub.com/,4-B7Ic_-5fU,liphookgolfclub,,6 Hole Tour,golfarchitects/status/1290244206221357057,Hole 8,,,,,,
GB&I,England,Hampshire,Stoneham,,2020,Moodie,Renovation,Construction,Park Jr.,2020-05-02,50.9496022,-1.3948094,https://www.stonehamgolfclub.org.uk/visitors/,,,,,,,,,,,,
GB&I,England,Isle of Man,Castletown,,2020,,Renovation,Open,Morris Mackenzie,2020-06-27,54.0713461,-4.6134467,https://www.castletowngolflinks.com/,iD8oQQiy44w,,,New 18th,,,,,,,,
GB&I,England,Kent,Chart Hills,,2021,Smyers Faldo,Renovation,Construction,,2020-12-07,51.1332573,0.6459083,https://charthills.co.uk/,zC7iB7tSsYU,charthillsgolfclub,, Dec 2020,Charthills/status/1308065981806379010,Green 18,,,,,,
GB&I,England,Lincolnshire,Seacroft Golf Club,,2023,Clyde Johnson,Renovation,Construction,Willie Fernie,2020-05-15,53.1294676,0.3355583,http://www.seacroft-golfclub.co.uk,,,,,,,,,,,,
GB&I,England,Norfolk,Chelmsford ,,2020,Mackenzie Ebert,Renovation,Ongoing,,2020-10-16,51.7184014,-1.7858577,https://www.chelmsfordgc.co.uk/,,,MJ Abbott,,,,,,,,,
GB&I,England,Reading,Caversham Heath,,2020,McBroom,Renovation,Construction,,2020-10-02,51.4649119,-1.0191789,https://www.cavershamgolf.co.uk/,Hv9hekAeEL4,,Reading + Caversham Heath,Hole 6,TomMcBroom/status/1278319380296761345,2021,,,,,,
GB&I,England,Stafford,Ingestre Park,,2022,Hunt,Renovation,Drawing boards ,,2020-10-08,52.8156585,-2.0966094,https://hollandlloyd.co.uk/consultation/ingestrepark/,,,,,,,,,,,,
GB&I,England,Stafford,Whittington Heath,,2022,Gaunt,Renovation,Ongoing,Colt,2020-09-08,52.662171,-2.0623676,https://www.whittingtonheathgc.co.uk/,VCtWpUOdub0,,,Greasley,,,,,,,,
GB&I,England,Surrey,Hindhead,,2020,Mackenzie Ebert,Renovation,Ongoing,Taylor,2020-09-22,51.1229517,-0.7651305,http://hgcgreenkeepingteam.blogspot.com/,dp4lRvuFIds,,,8th hole,greatgolfvideos/status/1296154201538650119,Flyover,,,,,,
GB&I,England,Wallsend,Centurion Park,Short,2022,Paul Thomas,Renovation,Drawing boards ,,2020-08-09,54.9944138,-1.5526208,http://www.centurionpark.com/,,,18--->12+6 holes,,,,,,,,,
GB&I,Ireland,Cork,Tralee,,2021,Webster,Renovation,Construction,Palmer Seay,2020-12-12,52.3013441,-9.8600138,https://traleegolfclub.com/,,,,,traleegolflinks/status/1337405543657459713,Hole 7,,,,,,
GB&I,Ireland,Donegal,St Patricks,,2021,Doak,Renovation,Construction,Hackett Ohaire,2020-05-02,55.188626,-7.8317614,https://www.stpatrickslinks.ie,,stpatrickslinks,Mahermagorgan Tra Mor,,,,Yes,,,,,
GB&I,Ireland,Donegel,Narin & Portnoo,,2020,Hanse,Renovation,Open,Wallace McNeill Connaughton,2020-05-02,54.8402416,-8.4453594,https://www.narinandportnoolinks.com/,uisZ8wylGQ8,narinportnoolinks,,New 9th Hole,,,Yes,,,,,
GB&I,Ireland,Dublin,Royal Dublin,,2021,Pont Clayton,Renovation,Ongoing,,2020-08-17,53.3568524,-6.1728063,http://www.theroyaldublingolfclub.com/,,,Bunkers,,,,,,,,,
GB&I,Ireland,Westmeath,Glasson GC,,2020,David Jones,Renovation,Open,,2020-12-17,53.4954434,-9.0282109,https://glassonlakehouse.ie/,,,,,,,,,,,,
GB&I,No. Ireland,Belfast,Malone,,2020,Kearney D'Arcy,Renovation,Construction,,2020-08-20,54.5381996,-5.9747243,https://www.malonegolfclub.co.uk/,,,,,,,,,,,,
GB&I,No. Ireland,Down,Ardglass,,2021,Kearney,Renovation,Ongoing,David Jones,2020-11-25,54.2584571,-5.6080403,https://www.ardglassgolfclub.com,OCCoqrrLqfU,ardglassgolf,,Paul Vaughan,KenKearneyGD/status/1326942654375063553, Nov 2020,,,,,,
GB&I,No. Ireland,Londonderry,Castlerock,,2020,Hawtree,Renovation,Open,Sayers Colt,2020-09-22,55.1658628,-6.7868376,https://www.castlerockgc.co.uk,o_GUFVJvLrc,castlerockgc,Mussenden,2019,,,,,,,,
GB&I,Scotland,Ayshire,Royal Troon Portland,,2021,Ebert,Renovation,Construction,,2020-12-09,55.5327143,-4.6518514,https://www.royaltroon.co.uk/,zE6VNLgVSso,,,Hole 9,Scoot_1988/status/1316325943154290689,Hole 9,,,,,,
GB&I,Scotland,Dornoch,Royal Dornoch,100,2020,Mackenzie Ebert,Renovation,Open,Morris,2020-05-02,57.8789661,-4.028028,https://royaldornoch.com/,edvpZ8SeWFU,,new hole 7,Construction,,,,,,,,
GB&I,Scotland,Nairn,Nairn,100,2020,Mackenzie Ebert,Renovation,Ongoing,Morris,2020-09-23,57.5877964,-3.8976299,http://www.nairngolfclub.co.uk/,HteCIQRdVPQ,,bunkers greens, Nov 2018,,,,,,,,
L America,Barbados,,Apes Hill,,2022,Kirby Carlton,Renovation,Construction,Landmark,2020-10-08,13.2154232,-77.539071,https://apeshillclub.com/,kS8lXL9PJcU,,,16th hole,JustCLW/status/1310897412337283072,Hole 6,,,,,,
L America,Brazil,Itatiba,Santapazienza,100,2021,Logan Fazio,Renovation,Construction,Tom Fazio,2020-05-02,-23.0655221,-46.8337545,,,,,,,,Maybe,,,,,
L America,Brazil,Rio,Itanhanga,,2020,Piza,Renovation,Construction,,2020-05-02,-22.9958894,-43.3045434,https://www.itanhanga.com.br/,,,back nine 2019 / front nine 2020?,,,,,,,,,
L America,Colombia,Bogotá,Briceño 18,,2020,Piza,Renovation,Open,,2020-11-03,4.9375556,-76.2061588,https://briceno18.co/campo-de-golf/instalaciones-horarios-y-precios/,,,owner William Vinasco,,,,,,,,,
L America,Mexico,Jalisco,El Tamarindo,,2021,,Renovation,Construction,,2020-12-18,19.9026448,-105.5853713,,,,,,Evan_Schiller/status/721718166598983680,Image ,,,,,,
L America,Peru,Lima,Lima GC,,2020,Mackenzie Ebert,Renovation,Open,,2020-10-16,-12.1006902,-77.0479636,https://www.limagolfclub.org.pe/,6RkgZEo5qVE,,,Overhead,,,,,,,,
N America,Canada,Alberta,Blackhawk GC,Short,2021,Whitman Cutten,Renovation,Ongoing,,2020-06-29,53.3853032,-113.6635915,https://www.playblackhawk.com/,,,Short course,,,,,,,,,
N America,Canada,British Columbia,Point Grey,,2020,Johns,Renovation,Open,,2020-09-27,,,https://www.pointgreygolf.com/new-holes/,,,,,,,,,,,,
N America,Canada,British Columbia,Uplands Golf Club,,2021,Mingay,Renovation,Ongoing,Robinson,2020-09-22,48.45,-123.3091667,https://www.uplandsgolfclub.com/Club/Club_History,1ectWBD730A,,,Holes 2-3,,,,,,,,
N America,Canada,Calgary,Pinebrook G&CC,,2020,Browning,Renovation,Open,,2020-07-15,51.0311965,-114.2543149,https://www.pinebrookgolfclub.com/,,pinebrookgolf,,,,,,,,,,
N America,Canada,Nova Scotia,Ashburn GC Old,,2020,Andrew,Renovation,Open,Thompson,2020-07-07,44.6491094,-63.6370396,https://ashburngolfclub.com/,sUz0HKmd7GE,,,Overview,,,,,,,,
N America,Canada,Saskatchewan,Rosetown GC,,2020,Dormer Philcox,Renovation,Open,,2020-09-22,51.5557019,-107.9937831,https://www.rosetowngolf.ca/,,,,,,,,,,,,
N America,USA,Arizona,El Rio Alvarez,,2020,Kavanaugh Johnson,Renovation,Open,,2020-07-20,32.2358877,-110.9994448,,,,muni,,,,,,,,,
N America,USA,Arizona,FireRock,,2020,Staples,Renovation,Open,,2020-11-04,33.5781624,-111.740464,https://www.firerockcc.com/,,,,,buildsmartrgolf/status/1171808230487535617,Grow in,,,,,,
N America,USA,Arizona,Troon CC,100,2020,Weiskopf Smith,Renovation,Open ,Weiskopf Morrish,2020-12-03,33.746226,-111.860964,https://www.trooncc.com,,TheTroonCC,,,,,,,,,,
N America,USA,Arizona,The Views GC,,2021,Gogel,Renovation,Construction,Nash Hardin,2020-07-13,32.4625736,-110.9501227,https://www.theviewsgolfclub.com/,0OPqXN66FYY,theviewsgolf,,ProTurf,,,,,,,,
N America,USA,Arizona,BellAir,,2022,Richardson,Renovation,Drawing boards ,Lawrence Nash,2020-08-17,33.6427822,-112.1588554,https://www.bellairgolf.com/,,,,,,,,,,,,
N America,USA,California,Diablo CC,,2020,Eckenrode,Renovation,Open ,Neville Watson,2020-09-22,37.835824,-121.9609375,https://www.diablocc.org/,VrF6sZIGtTo,,,Contra Costa,ncga1901/status/1325846262185418752,ASGCA,,,,,,
N America,USA,California,La Cumbre,,2020,Hochstein,Renovation,Ongoing,Thomas,2020-09-22,34.4349379,-119.7575456,https://www.lacumbrecc.org/,,,,,,,,,,,,
N America,USA,California,San Joaquin CC,,2020,Nickels Baldock,Renovation,Construction,Bob Baldock,2020-10-04,36.8500755,-119.9219425,https://sjcc.cc,69oRBmwjqQU,,,2016,nickelsgolf/status/1302708727166902272,Hole 17,,,,,,
N America,USA,California,Del Rio Oaks,,2021,,Renovation,Construction,,2020-08-09,37.7440653,-121.0067921,https://delriocountryclub.com/,,,,,,,,,,,,
N America,USA,California,San Vicente ,,2021, Staples ,Renovation,Construction ,Robinson ,2020-10-02,33.002199,-116.8079672,,M2cw_vJOeIs,,,Hole 9,,,,,,,,
N America,USA,California,Tahoe Donner,,2021,Bickler,Renovation,Construction ,,2020-09-24,39.352275,-120.2335141,http://www.tahoedonner.com/amenities/amenities/golf/,,,$2.5M,,EarthSculptures/status/1273989888283602944,Greens,,,,,,
N America,USA,California,Thunderbird CC,,2021,Davis,Renovation,Ongoing,Hughes,2020-07-20,33.7699449,-116.5030855,https://www.thunderbirdcc.org/,,,,,TrippGolfArch/status/1234079938904498178,Davis,,,,,,
N America,USA,California,Corica Park North,,2022,Logan Whitten,Renovation,Construction,Bell Muirhead,2020-09-22,37.7389907,-122.2353964,https://coricapark.com/north-course/,EeaxThDvPD8,coricapark,,Marc Logan,,,,,,,,
N America,USA,California,El Caballero,,2022,Rees Jones,Renovation,Drawing boards ,RTJ,2020-12-10,34.1601064,-118.5350394,https://www.reesjonesinc.com/el-caballero/,,,,,wadsworth_golf/status/1337091905474191364,Phase 1,,,,,,
N America,USA,California,Palo Alto Hills,,2022,Costello,Renovation,Ongoing,Glasson,2020-12-11,37.3739265,-122.1741879,https://www.pahgcc.com/,xqJkO2V3J5E,,,Bunker,,,,,,,,
N America,USA,California,La Costa,,2023,Hanse,Renovation,Drawing boards ,Wilson,2020-11-17,33.1083481,-117.2719074,https://www.omnihotels.com/hotels/san-diego-la-costa/property-details/resort-map,,,,,,,,,,,,
N America,USA,California,Lake Tahoe,,2023,Richardson,Renovation,Drawing boards ,Bell,2020-10-07,38.87106,-120.0100241,https://www.golfcoursearchitecture.net/content/forrest-richardson-submits-redesign-plans-for-california-state-parks-layout,,,,,,,,,,,,
N America,USA,California,Porcupine Creek,,2023,Ellison,Renovation,Drawing boards ,,2020-09-06,33.7340234,-116.4247766,https://porcupinecreek.com/,,,,,,,,,,,,
N America,USA,California,Sandpiper,,2028,Doak,Renovation,Drawing boards ,,2020-10-24,34.4305833,-119.909908,https://www.instagram.com/p/CGtfvymFu0A/,,,,,,,,,,,,
N America,USA,Colorado,City Park,,2020,Schoeder Irwin,Renovation,Open ,Bendelow,2020-06-27,39.7512596,-104.9528168,https://www.cityofdenvergolf.com/city_park/,58TlUKmL3bg,,,Hole 1,,,,,,,,
N America,USA,Colorado,Columbine,,2020,Rees Jones,Renovation,Open ,,2020-12-15,39.6003085,-105.0386092,,,,,,,,,,,,,
N America,USA,Colorado,Cornerstone Club,,2020,Dusenberry,Renovation,Open ,,2020-06-29,38.2359052,-107.961676,https://www.cornerstoneclub.com/,UJOACDsziZU,cornerstoneclubco,Formerly Montrose,Intro,,,,https://www.hansegolfdesign.com/projects/original-design-projects-on-the-drawing-board/jonathans-landing/,,,,
N America,USA,Colorado,Denver CC,,2020,Hanse,Renovation,Construction ,,2020-09-26,39.717529,-104.9690071,https://www.denvercc.net/,,,Billy Bunker,,,,,,,,,
N America,USA,Connecticut,Fairview CC,,2020,Rees Jones,Renovation,Ongoing,,2020-10-16,,,,,,,,,,,,,,,
N America,USA,Connecticut,Aspetuck Valley CC,,2021,George,Renovation,Construction ,,2020-12-01,41.2269177,-73.3347112,https://www.aspetuckvalley.com/,,,,,Evan_Schiller/status/1333595030699864071,Images,,,,,,
N America,USA,Connecticut,CC of Farmington ,,2021,Dusenberry ,Renovation,Drawing boards ,Emmett,2020-05-02,41.7268235,-72.8265404,,,,,,,,,,,,,
N America,USA,Connecticut,Wampanoag CC,,2022,Rae Klein Franz,Renovation,Drawing boards ,Ross  ,2020-05-14,41.8014188,-72.7570907,https://www.wampanoagcc.com,aflMrciVxXU,,,2017,,,,,,,,
N America,USA,Florida,BallenIsles South,,2020,Rees Jones ,Renovation,Open ,Lee/Wilson,2020-10-16,26.8321206,-80.1188657,https://www.ballenisles.org/golf,ed3vZPUlkdo,,$7.5M,Construction,Troon/status/1291802903238152199,Troon,,,,,,
N America,USA,Florida,Black Diamond Quarry,100,2020,Whelchel ,Renovation,Open ,Fazio,2020-05-02,28.9074048,-82.4920644,https://www.blackdiamondranch.com/quarry-course-tour/,9RMM67I8I3c,blackdiamondranch,,Quarry Holes,,,,,,,,
N America,USA,Florida,Camp Creek,,2020,Fazio,Renovation,Construction ,Fazio,2020-10-30,30.2953403,-87.1588057,https://clubsbyjoe.com/Golf/Camp_Creek_Golf_Club,l3OWlC7fWxg,campcreekgolfclub,, Oct  2020,,,,,,,,
N America,USA,Florida,Coral Creek,,2020,Fazio,Renovation,Open,,2020-11-23,26.8398426,-83.3863406,http://www.coralcreekclub.com/Club/Scripts/Home/home.asp,,,,,,,,,,,,
N America,USA,Florida,Eastpointe (W),,2020,Sanford,Renovation,Construction,Fazio,2020-06-28,26.8773652,-80.1445734,https://www.eastpointe-cc.com/,xV-x8BMhU64,eastpointecc,, Feb 2020,,,,,,,,
N America,USA,Florida,Grand Cypress GC,,2020,Nicklaus,Renovation,Ongoing,Nicklaus,2020-07-10,28.40764,-81.5309475,https://www.grandcypress.com/,e6FNdobK_eE,thevillasofgrandcypress,Bunkers Capillary Concrete,Soil,,,,,,,,
N America,USA,Florida,Hawks Landing,,2020,Cupp,Renovation,Construction,,2020-09-24,28.3604117,-81.5103998,https://golfhawkslanding.com/,5Pe8ZR04c6M,,,Post Hurricane,,,,,,,,
N America,USA,Florida,Jupiter Hills,100,2020,Tom Logan Fazio,Renovation,Construction,George Fazio,2020-05-07,26.9884805,-80.0977239,https://www.jupiterhillsclub.org/,xOK-HGxFzxI,,,50th,USGA/status/996835931423469576,USGA,,,,,,
N America,USA,Florida,Lemon Bay,,2022,Rogers,Renovation,Drawing boards ,,2020-01-07,26.8886598,-82.3149801,https://www.lemonbaygolfclub.com/index.php,,,,,,,,,,,,
N America,USA,Florida,Mariner Sands,,2020,Schulties,Renovation,Open ,,2020-12-11,27.1222043,-80.2005031,https://www.marinersands.com/,,,Gold Course,,GCImagazine/status/1337167158460157953,Press,,,,,,
N America,USA,Florida,Mizner CC,,2020,Schulties,Renovation,Open ,Seay Palmer,2020-06-27,26.4357113,-80.1876029,http://www.miznercc.org/,t3vpH0Yby_g,,,Renovation,,,,,,,,
N America,USA,Florida,Old Memorial ,,2020,Smyers ,Renovation,Open,Smyers,2020-10-18,28.0785677,-82.596775,,,oldmemorialgc,,,,,,,,,,
N America,USA,Florida,Quail Ridge (S) ,,2020,Weed ,Renovation,Open ,Lee,2020-05-02,26.5066913,-80.1035551,,ZKdYCLcuoXA,,,Preview,,,,,,,,
N America,USA,Florida,The Shark Club,,2020,Norman Danner,Renovation,Open,,2020-09-23,25.9915352,-80.1289184,https://www.golfcoursearchitecture.net/content/construction-nears-completion-at-rebranded-florida-club,,,$220M Diplomat Club,,,,,,,,,
N America,USA,Florida,The Yacht & Country Club,,2020,Pearson,Renovation,Construction,Wilson,2020-09-26,27.1577426,-80.2186241,https://www.yccstuart.org/,k1WPvuOkKq0,,,Renovation,,,,,,,,
N America,USA,Florida,Coral Ridge CC,,2021,Rees Jones,Renovation,Construction,,2020-07-13,26.1762241,-80.1089152,https://golf.com/travel/touring-golf-course-under-construction-rees-jones/,,,,,,,,,,,,
N America,USA,Florida,Heritage Palms Sabal,,2021,Lewis,Renovation,Construction,Azinger Lewis,2020-07-14,26.590929,-81.8232929,https://www.hpgcc.com/,IUi9_dlbTQg,heritagepalms,,,,,,,,,,
N America,USA,Florida,Jacaranda,,2021,Weed ,Renovation,Construction,,2020-07-07,26.1116075,-80.2748398,https://jacarandagolfclub.com/,,,Renovating both courses,,,,,,,,,
N America,USA,Florida,Martin County ,,2021,Sanford ,Renovation,Drawing boards ,Langford,2020-05-02,27.1797094,-80.2066762,,LYauFc6BUUY,,,News,,,,,,,,
N America,USA,Florida,Olde Florida,,2021,,Renovation,Drawing boards ,Rees Jones,2020-07-07,26.2468591,-81.652075,https://www.facebook.com/OldeFloridaGolfClub/,,,,,,,,,,,,
N America,USA,Florida,PGA Natl (Squire) ,,2021,Staples ,Renovation,Construction,G & T Fazio ,2020-10-31,26.8290965,-80.1435211,https://www.golfcoursearchitecture.net/content/andy-staples-reimagines-squire-course-at-pga-national,,,Nick Mazzella,,buildsmartrgolf/status/1329911950289956865, Nov 2020,,,,,,
N America,USA,Florida,Pointe West,,2021,Sanford,Renovation,Ongoing,,2020-09-24,27.6291876,-80.4840707,https://www.pwccvb.com/,,,,,,,,,,,,
N America,USA,Florida,Santa Rosa,,2021,Bergin,Renovation,Construction,,2020-11-03,30.3602222,-86.2445939,https://santarosaclub.com/golf-course-renovation-update/,arHVAe0LrsE,,$3.3M,Super,bergingolf/status/1301294309971550210,Beach,,,,,,
N America,USA,Florida,Seven Lakes,,2021,-,Renovation,Construction,,2020-06-27,26.5506113,-81.8807908,,a6_6RZvKE-o,,,Construction,,,,,,,,
N America,USA,Florida,The Meadows CC,,2021,Johnston,Renovation,Construction,,2020-07-15,27.3636254,-82.4792518,https://www.meadowscc.org/,o_mVdu7yn_w,The_Meadows_CC,$1.2M, July 2020,,,,,,,,
N America,USA,Florida,The Quarry,,2021,Hurdzan Fry,Renovation,Construction,Hurdzan Fry,2020-07-13,26.2786444,-81.6794014,https://www.quarrygolfnaples.com/,pGQKaz2EnDk,thequarrynaples,, July 2020,,,,,,,,
N America,USA,Florida,TPC Treviso Bay,,2021,Ryan,Renovation,Open,Hills,2020-11-05,26.0717715,-81.7357276,https://www.flipsnack.com/tpctrevisobay/member-shared-design-document-november-5-2019.html,XbW79fI0OPo,tpctrevisobay,$3M, July 2020,HFS_GCA/status/1281935417697341440,Images,,,,,,
N America,USA,Florida,TwinEagles,,2021,Nicklaus,Renovation,Drawing boards ,,2020-08-19,26.2883118,-81.6331917,https://www.twineagles.com/,DavUYoqhc9o,,,Nicklaus Design,,,,,,,,
N America,USA,Florida,Belleair CC,,2022,Fry Straka,Renovation,Drawing boards ,Ross,2020-07-07,27.9424149,-82.8106613,https://www.belleaircc.com/,,,,,,,,,,,,
N America,USA,Florida,Heritage Palms Royal,,2022,Lewis,Renovation,Drawing boards ,Azinger Lewis,2020-07-15,26.590929,-81.8232929,https://www.hpgcc.com/,,heritagepalms,,,,,,,,,,
N America,USA,Florida,Jonathan's Landing,,2022,Hanse Wagner,Renovation,Drawing boards ,Hills,2020-11-04,26.9803057,-80.204482,https://jonathanslanding.clubhouseonline-e3.com/Club-Info/OT_Project,,,Old Trails Course,,,,,,,,,
N America,USA,Florida,West Palm Beach,,2022,Hanse,Renovation,Drawing boards ,,2020-09-22,26.6499135,-80.0679142,https://www.hansegolfdesign.com/news/west-palm-residents-hail-pga-of-americas-vision-for-nonprofit-golf-course/,,,,,,,,,,,,
N America,USA,Georgia,Dalton G&CC,,2021,Bergin,Renovation,Open,,2020-11-04,34.8042913,-84.9560766,https://www.daltongcc.org/,vUWIwsO0RmY,,,Bergin #5,bergingolf/status/1322260704251027456,Opening,,,,,,
N America,USA,Georgia,Jekyll Island (63 holes),,2022,Boswell,Renovation,Drawing boards ,Travis Wilson Lee,2020-05-14,31.0686244,-81.4198365,https://www.jekyllisland.com/activities-category/golf-club/,,,,,,,,,,,,
N America,USA,Hawaii,Hualalai,,2020,Nicklaus,Renovation,Open ,,2020-12-11,19.7834711,-156.0205507,https://www.fourseasons.com/hualalai/golf,,,,,FourSeasonsPR/status/1336305122645848067,Press,,,,,,
N America,USA,Idaho,McCall GC,,2022,Druzisky,Renovation,Drawing boards ,,2020-11-12,44.915781,-116.0841903,https://www.mccall.id.us/departments/GolfCourse/golf,,,$3.7M,,,,,,,,,
N America,USA,Illinois,Beverly,,2020,Prichard Rae,Renovation,Open,Ross,2020-05-14,41.7332824,-87.6870727,https://www.beverlycc.org/,,,,,the_fried_egg/status/1266551050376564736,Egg,,,,,,
N America,USA,Illinois,Park Ridge CC,,2020,Martin,Renovation,Construction,Bendelow Langford,2020-05-14,42.0196583,-87.8331523,https://www.parkridgecc.org/web/pages/home,,,,,,,,,,,,
N America,USA,Illinois,Schaumburg,,2020,Lohmann Quitno,Renovation,Ongoing,,2020-09-24,42.034762,-88.075033,https://www.schaumburggolf.com/,,,,,LohmannQuitno/status/1323252074881208321,Images,,,,,,
N America,USA,Illinois,Atkins GC,,2022,Rogers,Renovation,Drawing boards ,,2020-09-21,40.0909187,-88.2378409,,fPHHv0cd9Vc,,$5M University of Illinois,was Stone Creek,GogBlogGuy/status/1306607482228400132,Univ,,,,,,
N America,USA,Illinois,Knollwood,,2022,Rogers,Renovation,Drawing boards ,Colt,2020-05-14,42.2728671,-87.8821377,https://www.knollwoodclub.org,,,,,,,,,,,,
N America,USA,Illinois,Medinah #3,,2022,OCM,Renovation,Drawing boards ,,2020-12-04,41.9663844,-88.0502331,https://www.medinahcc.org/,,,,,the_fried_egg/status/1334968122944540672,Egg,,,,,,
N America,USA,Illinois,Olympia Fields South,,2023,Staples,Renovation,Drawing boards ,Bendelow Smyers,2020-05-14,41.5209741,-87.6893518,https://www.ofcc.info,,,,,,,,,,,,
N America,USA,Indiana,Broadmoor CC,,2021,Hepner,Renovation,Construction,Ross,2020-10-08,39.8518091,-86.2097836,http://www.broadmoorcc.com/-our-course-history,,,,,CGTurf/status/1312124373671657472,Super,,,,,,
N America,USA,Kansas,Indian Hills CC,,2021,Clark,Renovation,Construction,,2020-11-29,39.0047737,-94.6298214,https://www.ihcckc.com/golf,,,Mission Hills,,,,,,,,,
N America,USA,Kansas,Buffalo Dunes,,2026,Varty,Renovation,Ongoing,Hummel,2020-10-17,37.8765,-100.8676941,https://www.gctelegram.com/news/20200422/city-approves-improvements-to-buffalo-dunes,,,Clay Payne,,ClayPayneTurf/status/1329819505644670976,After,,,,,,
N America,USA,Louisiana,Tamahka Trails,,2021,Crace,Renovation,Open,,2020-11-28,31.1062629,-92.0781854,http://tamahkatrails.com/,,,,,lipouts/status/1331718887293988867,Hole 18,,,,,,
N America,USA,Louisiana,Metarie CC,,2022,Silva,Renovation,Drawing boards ,Raynor,2020-05-07,29.9761773,-90.1365091,https://www.metairiecc.org,,,,,BPBlackMetal/status/1202620322555596802,Before,,,,,,
N America,USA,Maryland,US Naval Academy,,2020,Green,Renovation,Open,Flynn,2020-11-28,38.9937474,-76.4614303,https://usnagolf.com/the-course/,NbbGz03cBbQ,,$7M,Andrew Green,GreenGCA/status/1271856726304792577,1 5 6,,,,,,
N America,USA,Maryland,Woodmont North,,2020,McDonald,Renovation,Open,Tull,2020-05-12,39.0647721,-77.140173,https://www.woodmontcc.com/,,,,,,,,,,,,
N America,USA,Maryland,Congressional Blue,100,2021,Green,Renovation,Construction,RTJ,2020-09-22,38.9962458,-77.1764348,https://www.ccclub.org/,2sSosWXHeoI,congressionalcountryclub,,Peter Wendt,GreenGCA/status/1307051822226509826,Green,,,,,,
N America,USA,Maryland,Eisenhower,,2021,Green,Renovation,Open,,2020-09-10,39.0148774,-76.5871323,https://www.eisenhowergolf.com/,,,$5M - remove bunkers,,,,,,,,,
N America,USA,Maryland,Woodmont South,,2021,McDonald,Renovation,Drawing boards ,Tull,2020-05-02,39.0647721,-77.140173,https://www.woodmontcc.com/,,,,,,,,,,,,
N America,USA,Massachusetts,Edgartown,Short,2020,Kovich,Renovation,Open,Cornelius Lee,2020-10-02,41.3956089,-70.5263745,https://edgartowngolfclub.com,Dluj41OlG9k,,,Hole 7,,,,,,,,
N America,USA,Massachusetts,New Seabury Ocean,,2020,Hepner,Renovation,Open,Mitchell,2020-10-02,41.5597203,-70.4828489,https://www.newseabury.com/,Su47t5zETsE,,,Opening Day,BunkerShotGolf/status/1273706430013616128,June 2020,,,,,,
N America,USA,Michigan,Bloomfield Hills ,,2021,DeVries Pont ,Renovation,Construction,Colt,2020-11-28,42.5829101,-83.254828,https://www.bloomfieldhillscc.org/,,,Labar,,cdpgolf1/status/1331596996264800258,Update,,,,,,
N America,USA,Michigan,Blythefield CC,,2021,Wilczynski,Renovation,Open,Langford Moreau,2020-11-28,43.0660869,-85.583413,https://www.blythefieldcc.org/,F7MdWgHztz0,,,July 2020,gcamagazine/status/1328275011107340288,GCA,,,,,,
N America,USA,Michigan,Oakland Hills South,100,2021,Hanse ,Renovation,Construction,Ross RTJ ,2020-10-02,42.5438996,-83.2798757,https://www.oaklandhillscc.com/,h_ygielCaKU,,$12M,Steve Brady,,,,,,,,
N America,USA,Michigan,Plum Hollow CC,,2021,Rogers,Renovation,Construction,Alison Colt,2020-09-13,42.4513315,-83.2647647,https://www.plumhollowcc.com/,VY8PjwOzHwI,plumhollowcc,,History,,,,,,,,
N America,USA,Michigan,Washtenaw,,2021,Hearn,Renovation,Drawing boards ,,2020-08-17,42.244645,-83.6596817,https://www.washtenawgolfclub.com/,,,Bunkers,,,,,,,,,
N America,USA,Minnesota,Minneapolis GC,,2020,Mingay,Renovation,Open,Park Ross,2020-05-28,44.9641558,-93.3974177,https://minneapolisgolfclub.com/,,,,,,,,,,,,
N America,USA,Minnesota,Oak Ridge,,2020,Axland Proctor,Renovation,Open,Clark Cupp,2020-08-19,44.9352148,-93.4083417,https://www.oakridgecountryclub.net/,OdP6ZoVEyK0,oakridgemn,,June 2020,,,,,,,,
N America,USA,Minnesota,Midland Hills,,2021,Urbina,Renovation,Construction,Raynor,2020-09-22,45.0013189,-93.1968648,http://www.midlandhillscc.org/,,,http://www.mhccturf.com/,,Golf_Crazed/status/1292901144977723394,Number 1,,,,,,
N America,USA,Minnesota,Interlachen,,2023,Green,Renovation,Drawing boards ,,2020-12-14,44.9151972,-93.3821786,https://www.interlachencc.org/,,,,,,,,,,,,
N America,USA,Mississippi,Refuge,,2020,Crace,Renovation,Open,Case ,2020-11-28,32.3159222,-90.0977555,http://www.refugegolf.com/,,,,,apocalypse422/status/976158552581660673,Plan,,,,,,
N America,USA,Missouri,Meadowbrook CC,,2021,Hargrave,Renovation,Ongoing,,2020-09-26,38.6162582,-90.5679207,https://www.meabrk.org/,QGeTJzmsGcw,,Bunkers,Front 9,,,,,,,,
N America,USA,Missouri,Oakwood CC,,2021,Clark,Renovation,Construction,Bendelow,2020-09-26,38.9480779,94.5552025,https://www.oakwoodcountryclub.org/,,oakwood_kc,,,DarylPearson4/status/1306966376205217793,Hole 18,,,,,,
N America,USA,New Jersey,Trump Bedminster New,,2020,Fazio II,Renovation,Ongoing,,2020-07-14,40.6537551,74.6991548,https://www.trumpnationalbedminster.com/,,trumpnationalbedminster,LaBar,,,,,,,,,
N America,USA,New Jersey,Montclair,,2021,McDonald Schneider,Renovation,Ongoing,Ross Banks,2020-11-28,40.817945,-74.2427317,https://www.montclairgolfclub.org/,,montclairgolfclub,3rd nine,,GreenMontclair/status/1330237279567294465, Nov 2020,,,,,,
N America,USA,New Jersey,Spring Lake GC,,2021,Davis,Renovation,Ongoing,Thomas Tillinghast,2020-07-20,40.1506105,-74.0457979,https://www.springlakegolfclub.net/,,,,,,,,,,,,
N America,USA,New Jersey,Knickerbocker,,2023,Kovich,Renovation,Drawing boards ,Strong,2020-11-08,40.9185002,-75.0980354,https://www.knickerbocker.cc/,,,,,,,,,,,,
N America,USA,New Mexico,PaaKo,,2022,Norby,Renovation,Drawing boards ,,2020-11-23,35.2074491,-106.3201558,https://www.paakogolf.com/,kd5IzpS27dA,,,2019,,,,,,,,
N America,USA,New York,Manhattan Woods,,2022,Kovich,Renovation,Drawing boards ,,2020-12-28,41.0695993,-73.9894323,https://mwgolf.club/,,,,,,,,,,,,
N America,USA,New York,Summit Club at Armonk,,2022,Rees Jones,Renovation,Drawing boards ,,2020-10-16,41.0093977,-73.7457409,https://www.flow.page/whgc1913,,,Westchester Hills,,,,,,,,,
N America,USA,North Carolina,Raleigh,,2020,Franz,Renovation,Open,Ross,2020-11-03,35.7762835,-78.5956901,https://www.raleighcc.com,lJeZvu43-4o,RaleighCC,Capillary Concrete,Reopens,RaleighCC/status/1281663651674554382,Franz,,,,,,
N America,USA,North Carolina,Highlands Falls ,,2021,Bergin ,Renovation,Construction,Lee ,2020-09-23,35.0707677,-83.1869745,https://www.clubhfcc.com/,fLg-fR34Bf8,,,Highlands NC,bergingolf/status/1332711584158900226,Hole 10,,,,,,
N America,USA,North Carolina,Southern Pines Elks,,2022,Franz,Renovation,Drawing boards ,Ross,2020-11-01,35.164663,-79.3999281,,,,Kelly Miller,,,,,,,,,
N America,USA,North Dakota,Edgewater,,2020,Norby,Renovation,Construction,,2020-06-29,47.98155,-102.5081944,,,,,,,,,,,,,
N America,USA,Ohio,Highland Meadows,,2020,Hills Forrest Smith,Renovation,Open, Alves,2020-11-28,41.717692,-83.7248486,https://www.hmgolfclub.org,mopDv-6_YNo,,,Greg Patterson,,,,,,,,
N America,USA,Ohio,Kenwood CC Kendale,,2020,Straka Fry,Renovation,Open,Diddle,2020-11-28,39.183552,-84.3885107,https://www.kenwoodcc.com/,Vwb6_iX9_NQ,kenwoodcc,,March,,,,,,,,
N America,USA,Ohio,Coldstream,,2021,Foster ,Renovation,Construction,Wilson,2020-11-24,39.049169,-84.3504996,https://www.coldstreamcc.com/,,,,,thetop100golfer/status/1315118833565396994,Images,,,,,,
N America,USA,Ohio,Columbus CC,,2021,Hargrave,Renovation,Construction,Ross,2020-09-29,39.9731753,-82.8686195,https://www.columbuscc.com/,,,,,,,,,,,,
N America,USA,Ohio,Kenwood CC Kenview,,2021,Straka Fry,Renovation,Drawing boards ,,2020-07-15,39.183552,-84.3885107,https://www.kenwoodcc.com/,,kenwoodcc,,,,,,,,,,
N America,USA,Ohio,Muirfield Village ,100,2021,Nicklaus,Renovation,Construction,,2020-09-22,40.1404847,-83.1431117,http://www.mvgc.org/,JAnzbCYp0xs,muirfieldvillagegolfclub,,Columbus Dispatch 2019,jacknicklaus/status/1289643218586353664,Onsite,,,,,,
N America,USA,Ohio,Canterbury,100,2022,Johns Rhebb,Renovation,Drawing boards ,,2020-11-08,41.469498,-81.5250751,https://www.canterburygc.org/,,,,,,,,,,,,
N America,USA,Oklahoma,Blackjack Ridge,,2020,Heckenkemper ,Renovation,Construction,,2020-09-21,36.1634664,-96.1065584,https://www.thecanyonsatblackjackridge.com/,,,$1M,,wadsworth_golf/status/1308096829163175937,Nick Neal,,,,,,
N America,USA,Pennsylvania,Concord CC,,2020,Forse,Renovation,Open,Flynn,2020-09-22,39.8881701,-75.54684,https://www.concordclub.org/amenities/golf/,cpIjmlqby0o,concordcountryclub,,2017,,,,,,,,
N America,USA,Pennsylvania,Edgewood CC,,2020,Forse,Renovation,Construction,Ross,2020-06-23,40.43441,-79.835934,https://www.eccgolf.com/Golf,txYvK8LSV6Q,,,2012,,,,,,,,
N America,USA,Pennsylvania,Llanerch,,2021,Schneider,Renovation,Construction,Findlay,2020-09-22,39.969899,-75.3163536,https://www.llanerchcc.org,,llanerchcc,,,castaldi_tom/status/1331967398950432770, Nov 2020,,,,,,
N America,USA,Pennsylvania,Philadelpha CC Centennial,,2021,Forse Nagle,Renovation,Construction,Flynn,2020-09-23,40.0623264,-75.2943275,https://www.philadelphiacc.net/,gy-gmw6ekS0,,Mottin Golf Construction,Hole 4 2018,,,,,,,,
N America,USA,South Carolina,Charleston Muni,,2020,Miller,Renovation,Open,,2020-12-06,32.7580282,-79.996435,https://www.charleston-sc.gov/644/Golf,rtUXxL2MtHk,munifox,$3M,Powerpoint,LinksGems/status/1335437421450842113,Images,,,,,,
N America,USA,South Carolina,Greenville,Short,2020,Lawrence,Renovation,Open ,LaFoy,2020-08-17,34.8600889,-82.3495931,https://www.3s.golf/,,,Par 3 course,,,,,,,,,
N America,USA,South Carolina,Briar’s Creek,,2021,Rees Jones,Renovation,Open,,2020-11-23,,,,,,$6.5M,,,,,,,,,
N America,USA,South Carolina,Patriot at Grand Harbor,,2021,Sherman Love,Renovation,Drawing boards ,,2020-09-05,34.2067268,-81.9713089,https://grandharbor.net/,qoGN8u0fxGE,scotsherman,,2016,,,,,,,,
N America,USA,Tennessee,Honors Course,,2022,Hanse,Renovation,Ongoing,,2021-01-01,35.0872906,-85.0463221,https://www.honorscourse.net/,,,,,,,,,,,,
N America,USA,Tennessee,Overton Park,Short,2022,King Collins,Renovation,Drawing boards ,,2020-11-26,35.1461904,-89.9907101,https://overtonpark.org/2020/11/27/golf-project-faq/,,,,,par4parks/status/1331779360257413120,Plan,,,,,,
N America,USA,Texas,Champions Jackrabbit,,2020,Welling,Renovation,Open,,2020-11-28,29.9829803,-95.5337727,https://www.championsgolfclub.com/,,,Bunkers for US Womens Open,,,,,,,,,
N America,USA,Texas,Iron Horse,,2020,Brauer,Renovation,Open,,2020-09-26,32.8358849,-97.2565449,https://twitter.com/IronHorseGC,LXqmUDeN_Z0,,$3M,Reopening,,,,,,,,
N America,USA,Texas,Shady Oaks,,2020,OCM,Renovation,Ongoing,,2020-09-22,32.5761115,-99.5554652,https://www.shadyoaksclub.com/,,,,,,,,,,,,
N America,USA,Texas,Indian Creek Lakes,,2021,Clark,Renovation,Construction,,2020-11-29,32.9988384,-96.9672569,http://www.indiancreekgolfclub.com/,http://indiancreekgolfclub.blogspot.com/,,,,,,,,,,,
N America,USA,Texas,Hills of Lakeway,,2022,Nicklaus,Renovation,Construction,,2020-12-18,30.3472423,-97.9894034,https://www.clubcorp.com/Clubs/The-Hills-of-Lakeway,,hillsoflakewaycc,,,GOLFRealtyBUZZ/status/1334606906174926848,Press,,,,,,
N America,USA,Utah,East Bay GC,,2020,Neff,Renovation,Ongoing,,2020-07-07,40.2080734,-111.6511754,https://www.eastbaygolf.com/,,,,,,,,,,,,
N America,USA,Virginia,Farmington CC,,2022,Axland,Renovation,Drawing boards ,Findlay,2020-10-16,38.0616369,-78.5441444,https://www.farmingtoncc.com/,,,,,,,,,,,,
N America,USA,Washington,Sand Point CC,,2020,McLay-Kidd,Renovation,Open,McLay-Kidd,2020-09-22,47.688677,-122.2715504,https://www.sandpointcc.com/,,sandpointcc,,,,,,,,,,
N America,USA,Washington,Wing Point,,2021,Mingay,Renovation,Construction,,2020-09-22,47.631541,-122.640671,https://www.wingpointgolf.com/,un17EIBuubQ,,Bainbridge Island,2016 Mingay,,,,,,,,
N America,USA,Washington DC,East Potomac,,2022,Doak,Renovation,Drawing boards ,Travis,2020-06-23,38.8746181,-77.0289915,https://www.nationallinkstrust.com/courses,VlrBiNWfJtU,nationallinkstrust,,Dapper,links_national/status/1290764043100327937,Aerial,,,,,,
N America,USA,Washington DC,Langston,,2023,Welling,Renovation,Drawing boards ,Parish,2020-06-23,38.8986242,-76.9721457,https://www.nationallinkstrust.com/courses,xyDJo-88BWs,nationallinkstrust,,Callaway,,,,,,,,
N America,USA,Washington DC,Rock Creek Park,,2024,Hanse,Renovation,Drawing boards ,Flynn,2020-06-27,38.9656656,-77.04095,https://www.nationallinkstrust.com/courses,8WWP2sYspwg,nationallinkstrust,,Mike McCartin,,,,,,,,
N America,USA,Wisconsin,Lac LaBelle,,2020,Haltom,Renovation,Open,< 1890,2020-11-28,43.1470583,-88.520997,http://clubatlaclabelle.com,t6poxrRWE9Q,clubatlaclabelle,Haltom Sand Valley,Oconomowoc,,,,,,,,
N America,USA,Wisconsin,Stevens Point,,2020,Haltom,Renovation,Open,Packard,2020-07-07,44.5199985,-89.5323569,https://www.stevenspointcountryclub.com/,,,,,,,,,,,,
N America,USA,Wisconsin,University Club,,2020,Staples,Renovation,Open,Bendelow,2020-11-28,43.152402,-87.9725168,https://www.uclubmke.com/,,,,,wissportsaddict/status/1270794118759940097,Review,,,,,,
N America,USA,Wisconsin,Pine Hills CC,,2021,Rogers,Renovation,Drawing boards ,Langford,2020-12-21,43.7665299,-87.7743407,https://www.pinehillscc.com/golf/course-improvement-blog-204.html,,,,,BryanTweed16/status/1240679027716886529,Images,,,,,,
Asia,India,Punjab,Chandigarh ,,2020,Nandrajog,Restoration,Construction,,2020-05-02,30.7378785,76.8112626,http://chandigarhgolfclub.in,RtfYOC8wGh8,chandigarhgolfclub,Greens,Bobby Sandhu,,,,,,,,
Asia,Japan,Fukuoka,Keya GC,,2020,Jansen,Restoration,Open,,2020-09-22,33.5888209,130.1331304,https://www.keyagc.co.jp/index.html,DCVYt-Ev28M,keyakeeper,Bunkers,Andrew McDaniel,seanthashimoto/status/1217990317812486144,Jan 2020,,,,,,
Asia,Singapore,Singapore,Sentosa Serapong,100,2020,Johnston,Restoration,Open,Fream,2020-12-23,1.2521928,103.8257771,https://www.sentosagolf.com/the-serapong,dtTIYfM24w8,sentosagolfclub,,Hole 5,,,,,,,,
AU/NZ,Australia,NSW,Royal Sydney,,2022,Hanse,Restoration,Drawing boards ,Kent,2020-11-28,-33.8731218,151.2639356,https://www.rsgc.com.au/cms/,,theroyalsydneygolfclub,,,Sandra_Sully/status/1307807354004537344,Trees,,,,,,
GB&I,England,Reading,Calcot Park,,2023,Pont Clayton,Restoration,Drawing boards ,Colt,2020-12-26,51.4454326,-1.0381949,,,calcotparkgreenkeepers,,,cdpgolf1/status/1333518919504683009,Hole 9,,,,,,
GB&I,England,Surrey,The Addington,100,2020,Clayton DeVries Pont,Restoration,Ongoing,Abercromby Colt,2020-05-02,51.3647942,-0.0404705,https://addingtongolf.com/,,theaddingtongc,Hole 12 alternate green,,cdpgolf1/status/1308476750570180609,Hole 13,,,,,,
GB&I,Scotland,Dunbartonshire,Loch Lomond,100,2020,In-house,Restoration,Construction,Wesikopf Morrish,2020-05-02,56.0734363,-4.6386978,https://www.lochlomond.com/,,,Drainage,,,,,,,,,
N America,Canada,Ontario,Cutten Fields,,2020,Mingay,Restoration,Construction,Thompson,2020-09-22,43.5375081,-80.2298404,https://www.cuttenfields.com/the-club/history/,ZpCuygzUgp8,cuttenfieldsguelph,,Journey,,,,,,,,
N America,Canada,Ontario,Hamilton,,2021,Ebert,Restoration,Construction,Colt Robinson,2020-11-06,43.2188889,-79.9791331,http://www.hgcc.ca,,hamiltongolfandcountryclub,East 9,,drewharvie/status/1324477474403594240,Images,,,,,,
N America,Canada,Ontario,Brantford,,2022,Whitman Axland Cutten,Restoration,Drawing boards ,Cumming Thompson,2020-09-22,43.1599691,-82.5353627,http://brantfordgolfandcountryclub.com/,UmoYLyMkMEI,,,Hole 3,wac_gca/status/1298306592568422401,Plan,,,,,,
N America,USA,Arkansas,Fianna Hills CC,,2022,,Restoration,Drawing boards ,,2020-07-16,35.2829222,-94.4391441,,,,Reclamation,,,,,,,,,
N America,USA,California,Lake Merced ,,2023, Hanse ,Restoration,Drawing boards ,Mackenzie,2020-05-02,37.6960003,-122.4742396,https://www.lmgc.org/,,lakemercedgolfclub,,,,,,,,,,
N America,USA,California,Olympic ,100,2024, Hanse ,Restoration,Drawing boards ,Watson Whiting,2020-05-07,37.6961197,-122.5420908,https://campsite.bio/theolympicclub,,theolympicclub,Master Plan for all 45 holes,,,,,,,,,
N America,USA,California,Sharp Park,,2028,Doak Blasi,Restoration,Drawing boards ,Mackenzie,2020-12-29,37.6241093,-122.4894192,https://www.sfpublicgolf.org/save/jack-flemings-preview-sharp-park,,,,,jayblasi/status/1195677644018327552,Blasi,,,,,,
N America,USA,Florida,San Jose CC,,2020,Schlegel,Restoration,Construction,Ross,2020-06-27,30.2397963,-81.6205991,https://www.sjccjax.com/,cII2i7l9i0I,SanJoseJax,,Hole 14,dschlegel3510/status/1279916396307193856, July 2020,,,,,,
N America,USA,Florida,Boca National,,2022,Fazio Price,Restoration,City Council,,2020-08-09,26.3728616,-80.1590643,,Y9pBX139JXM,,$5M Ocean Breeze Reclamation,Nick Price,,,,,,,,
N America,USA,Florida,Colliers Reserve ,,2022,Forrest Smith ,Restoration,Drawing boards ,Hills,2020-05-02,26.2841382,-81.7957091,,NhwPVK-7fn0,,,Arthur Hills,,,,,,,,
N America,USA,Florida,Mountain Lake ,,2025,Hanse ,Restoration,Drawing boards ,Raynor ,2020-05-02,27.9369651,-81.594621,,,,,,,,,,,,,
N America,USA,Georgia,Savannah GC,,2020,Hanse,Restoration,Ongoing,,2020-11-11,32.0675,-81.068583,https://www.thesavannahgolfclub.com/,BKhTtt7fJLg,,,Super,,,,,,,,
N America,USA,Illinois,Chicago GC,100,2020,Doak,Restoration,Open,Macdonald Raynor,2020-07-05,41.8494276,-88.1178809,,,,Drainage bunkers,,,,,,,,,
N America,USA,Illinois,Lake Shore CC,,2020,Prichard Rae,Restoration,Open,,2020-05-14,42.1517,-87.7627968,https://www.lakeshorecc.com,,,Maintenance,,,,,,,,,
N America,USA,Massachusetts,Woodland ,,2020,Rae ,Restoration,Open,Stiles Ross Cornish,2020-05-02,42.3358333,-71.2474665,https://www.woodlandgolfclub.com/,,, Bunker Renovation,,,,,,,,,
N America,USA,Massachusetts,The Country Club ,100,2021,Hanse ,Restoration,Open,Flynn,2020-11-28,42.314817,-71.1500147,https://www.tcclub.org/,,,2022 US Open,,,,,,,,,
N America,USA,New Jersey,Baltusrol Lower,100,2020,Hanse ,Restoration,Construction,Tillinghast ,2020-10-09,40.7046349,-74.3326716,https://www.baltusrol.org/,,,,,Evan_Schiller/status/1314763985028354050, Oct 2020,,,,,,
N America,USA,New Jersey,Manasquan River,,2022,Green,Restoration,Ongoing,,2020-12-29,40.1020324,-74.0677817,https://www.mrgc.com/,,,,,,,,,,,,
N America,USA,New Jersey,Baltusrol Upper,,2023,Hanse ,Restoration,Construction,Tillinghast RTJ ,2020-08-09,40.7046349,-74.3326716,https://www.baltusrol.org/,,,,,,,,,,,,
N America,USA,New York,Chautauqua GC Lake,,2020,Wilczynski,Restoration,Ongoing,Ross,2020-10-16,42.2047552,-79.4748563,http://chq.org/golf,,,,,,,,,,,,
N America,USA,New York,Pelham CC ,,2020,DeVries ,Restoration,Construction,Emmett,2020-05-02,40.8947906,-73.8020029,,,pelhamcc,1923 PGA Championship,,,,,,,,,
N America,USA,New York,Oak Hill East ,100,2021,Green ,Restoration,Open,Ross  G Fazio ,2020-06-23,43.1128367,-77.5349478,,VuHuo8vJyQ8,,,2020,GreenGCA/status/1273771258598109186,Update,,,,,,
N America,USA,North Carolina,Sequoyah Natl ,,2020,RTJ II ,Restoration,Open,RTJ II Begay ,2020-12-04,35.4320825,-83.3312047,https://www.sequoyahnational.com/,qXuPcdPgy_U,,Maintenance,Breathtaking,,,,,,,,
N America,USA,Ohio,Terrace Park,,2020,Staples,Restoration,Ongoing,Travis,2020-09-24,39.1574945,-84.293013,https://www.terraceparkcc.com/,,,,,,,,,,,,
N America,USA,Ohio,Scioto,100,2022,Green,Restoration,Drawing boards ,,2020-07-21,39.4929586,-84.1080514,https://www.sciotocc.com/,,,,,,,,,,,,
N America,USA,Oklahoma,Oklahoma City G&CC ,,2020,Davis ,Restoration,Open ,Maxwell ,2020-09-22,35.5470052,-97.5525659,https://www.okcgcc.com/,X46b7PCnAGs,,,Aerial Tour,DornickMaxwell/status/1287784788607275011,1939,,,,,,
N America,USA,Oklahoma,Cedar Creek GC,,2021,Craig,Restoration,Drawing boards ,,2020-09-22,34.2053456,-95.0114943,,,,Broken Bow,,craig_colton/status/1296561952618164225,Bunkerless,,,,,,
N America,USA,Oklahoma,Dornick Hills,,2022,Doak,Restoration,Drawing boards ,,2020-11-01,34.2191876,-97.1412663,https://www.dornickhills.com/,,,,,RDGC_OK/status/1322629903938891777,Maxwell,,,,,,
N America,USA,Pennsylvania,Fox Chapel,,2020,Fazio Marzolf,Restoration,Open,Raynor Banks,2020-11-28,40.5224958,-79.8796437,https://foxchapelgolfclub.org/,,,,,FreeportGolf/status/1307426374760779784,Sept  2020,,,,,,
N America,USA,Pennsylvania,Cedarbrook CC,,2022,Kovich,Restoration,Drawing boards ,William Mitchell,2020-09-22,40.164784,-75.2506827,https://www.cedarbrookcc.org,,,,,,,,,,,,
N America,USA,Pennsylvania,Cobbs Creek,,2023,Hanse,Restoration,Construction,Wilson Flynn Crump,2020-11-26,39.9674995,-75.2675135,http://friendsofcobbscreekgc.com/,,,,,jwbausch/status/1314717205041483776,Bausch,,,,,,
N America,USA,Texas,Brook Hollow ,,2020,Foster ,Restoration,Open,Tillinghast ,2020-11-06,32.8342292,-96.8661032,https://www.brookhollowgc.org/,,,,,,,,,,,,
N America,USA,Texas,Oak Hills CC,,2020,Davis,Restoration,Open,Tillinghast,2020-07-07,29.5065535,-98.5703087,https://www.oakhillscc.com/,,,$10M,,,,,,,,,
N America,USA,Texas,Whispering Pines ,,2020,Nicklaus Williams ,Restoration,Open,Williams ,2020-10-08,30.9455605,-95.2524519,http://www.whisperingpinesgolfclub.com/,jM0rC3TGW7Y,, Regrass ,Sept  2020,,,,,,,,
N America,USA,Vermont,Burlington CC ,,2021,McNeil ,Restoration,Construction,Ross,2020-05-02,44.4663749,-73.197558,https://www.burlingtoncountryclub.org,,,bunkers drainage,,,,,,,,,
N America,USA,Washington,Inglewood,,2021,Mingay,Restoration,Ongoing,Macan,2020-07-07,47.7505826,-122.2904484,https://www.inglewoodgolfclub.com/,,,,,,,,,,,,
